<?xml version="1.0" encoding="ISO-8859-15" standalone="no"?><uc-export clientvers="12.2.0+low.build.10807">
<FolderStruct>
<includeExternalObjects>0</includeExternalObjects>
<FOLD name="PCK.AUTOMIC_TMPL_MSSQL" title="">
<VARA id="1053446" link="0" name="PCK.AUTOMIC_TMPL_MSSQL.PUB.VAR.METADATA"/>
<FOLD name="CONFIG" title="">
<VARA id="1050619" link="0" name="PCK.AUTOMIC_TMPL_MSSQL.PUB.INTERFACE"/>
</FOLD>
<FOLD name="DOCUMENTATION" title="">
<DOCU id="1053449" link="0" name="PCK.AUTOMIC_TMPL_MSSQL.PUB.DOC"/>
<DOCU id="1053450" link="0" name="PCK.AUTOMIC_TMPL_MSSQL.PUB.LICENSES"/>
</FOLD>
<FOLD name="SOURCE" title="">
<FOLD name="SHARED" title="">
<FOLD name="JOBP" title="">
<JOBP id="1053452" link="0" name="PCK.AUTOMIC_TMPL_MSSQL.PRV.JOBP.INSTALL.EXECUTE_SCRIPTS"/>
</FOLD>
</FOLD>
</FOLD>
<FOLD name="TEMPLATES" title="">
<JOBP id="1050621" link="0" name="PCK.AUTOMIC_TMPL_MSSQL.PUB.TEMPLATE.INSTALL.MSSQL.DEFAULT"/>
<JOBP id="1050622" link="0" name="PCK.AUTOMIC_TMPL_MSSQL.PUB.TEMPLATE.UNINSTALL.MSSQL.DEFAULT"/>
</FOLD>
</FOLD>
</FolderStruct>
<VARA OVD_VRName="FREI" data_type="STATIC" name="PCK.AUTOMIC_TMPL_MSSQL.PUB.VAR.METADATA" replacementmode="2">
<HEADER state="1">
<Title/>
<ArchiveKey1/>
<ArchiveKey2/>
<OH_SubType>STATIC</OH_SubType>
</HEADER>
<ATTR_VARA state="1">
<Type>C|Text</Type>
<lblSource>Static</lblSource>
<source>STATIC</source>
<VRName>FREI|Freely selected</VRName>
<NotFoundErr>0</NotFoundErr>
<NotFoundDef>1</NotFoundDef>
<ShareN>0</ShareN>
<ShareL>0</ShareL>
<ShareR>0</ShareR>
<MaxValue_C>1024</MaxValue_C>
<CheckMax_C>0</CheckMax_C>
<uppercase>0</uppercase>
<sortColumn>0</sortColumn>
<sortDirection>0</sortDirection>
<HostType/>
</ATTR_VARA>
<VARA state="1">
<Variables>
<row Name="Build Number" Value="8258" Value1="" Value2="" Value3="" Value4=""/>
<row Name="Categories" Value="Database Server, Template" Value1="" Value2="" Value3="" Value4=""/>
<row Name="Company" Value="Automic" Value1="" Value2="" Value3="" Value4=""/>
<row Name="Dependencies" Value="PCK.AUTOMIC_MSSQL ~&gt; 1.0, PCK.AUTOMIC_JDBC ~&gt; 1.3, PCK.AUTOMIC_FILESYSTEM ~&gt; 1.2, PCK.AUTOMIC_BOND &gt; 1.2" Value1="" Value2="" Value3="" Value4=""/>
<row Name="Description" Value="" Value1="" Value2="" Value3="" Value4=""/>
<row Name="Homepage" Value="www.automic.com" Value1="" Value2="" Value3="" Value4=""/>
<row Name="License" Value="" Value1="" Value2="" Value3="" Value4=""/>
<row Name="Name" Value="PCK.AUTOMIC_TMPL_MSSQL" Value1="" Value2="" Value3="" Value4=""/>
<row Name="Package Format Version" Value="0.2.0" Value1="" Value2="" Value3="" Value4=""/>
<row Name="Revision" Value="6888514" Value1="" Value2="" Value3="" Value4=""/>
<row Name="Title" Value="Template workflows for MSSQL Deployments" Value1="" Value2="" Value3="" Value4=""/>
<row Name="Version" Value="1.1.0" Value1="" Value2="" Value3="" Value4=""/>
</Variables>
</VARA>
<DOCU_Docu state="1" type="text">
<DOC/>
</DOCU_Docu>
</VARA>
<VARA OVD_VRName="FREI" data_type="XML" name="PCK.AUTOMIC_TMPL_MSSQL.PUB.INTERFACE" replacementmode="2">
<HEADER state="1">
<Title/>
<ArchiveKey1/>
<ArchiveKey2/>
<OH_SubType>XML</OH_SubType>
</HEADER>
<ATTR_VARA state="1">
<Type>C|Text</Type>
<lblSource>XML</lblSource>
<source>XML</source>
<VRName>FREI|Freely selected</VRName>
<NotFoundErr>0</NotFoundErr>
<NotFoundDef>1</NotFoundDef>
<ShareN>0</ShareN>
<ShareL>0</ShareL>
<ShareR>0</ShareR>
<MaxValue_C>1024</MaxValue_C>
<CheckMax_C>0</CheckMax_C>
<uppercase>0</uppercase>
<sortColumn>0</sortColumn>
<sortDirection>0</sortDirection>
<HostType/>
</ATTR_VARA>
<VARA state="1">
<XML>
<Parameters>
<row Name="interface" Value="&lt;interface&gt;&lt;templates&gt;&lt;add-template key=&quot;ARA.INSTALL.DATABASE MSSQL.DEFAULT&quot;&gt;PCK.AUTOMIC_TMPL_MSSQL.PUB.TEMPLATE.INSTALL.MSSQL.DEFAULT&lt;/add-template&gt;&lt;add-template key=&quot;ARA.UNINSTALL.DATABASE MSSQL.DEFAULT&quot;&gt;PCK.AUTOMIC_TMPL_MSSQL.PUB.TEMPLATE.UNINSTALL.MSSQL.DEFAULT&lt;/add-template&gt;&lt;/templates&gt;&lt;/interface&gt;"/>
</Parameters>
</XML>
</VARA>
<DOCU_Docu state="1" type="text">
<DOC/>
</DOCU_Docu>
</VARA>
<DOCU name="PCK.AUTOMIC_TMPL_MSSQL.PUB.DOC">
<HEADER state="1">
<Title>Pack Documentation</Title>
<ArchiveKey1/>
<ArchiveKey2/>
<OH_SubType/>
</HEADER>
<DOCU_Docu state="1" type="text">
<DOC><![CDATA[=Supported versions=

See http://docs.automic.com/compatibility]]></DOC>
</DOCU_Docu>
</DOCU>
<DOCU name="PCK.AUTOMIC_TMPL_MSSQL.PUB.LICENSES">
<HEADER state="1">
<Title/>
<ArchiveKey1/>
<ArchiveKey2/>
<OH_SubType/>
</HEADER>
<DOCU_Docu state="1" type="text">
<DOC><![CDATA[Copyright Â© Automic Software, Inc. 2016

Copyright Â© 2016 Automic Software GmbH (Automic), all rights reserved. The materials in this publication are protected by copyright and/or other intellectual property laws. Any unauthorized use of the materials in this publication can result in an infringement of these laws. Unless expressly permitted, the copying of information or documents from this publication, in any form, without the prior written permission of Automic is prohibited.

Automic is a trademark and/or service mark of Automic Software GmbH (Automic). Other company, product, and service names mentioned in any Automic document may be trademarks or servicemarks of others.

Automic Software GmbH
Am Europlatz 5
1120 Vienna
Austria
Call us: +43 (0)5 7080-0

Automic Software, Inc.
14475 NE 24th St, Suite 210
Bellevue, WA 98007
USA
Call us: +1 (425) 644-2121

www.automic.com
]]></DOC>
</DOCU_Docu>
</DOCU>
<JOBP AllowExternal="1" name="PCK.AUTOMIC_TMPL_MSSQL.PRV.JOBP.INSTALL.EXECUTE_SCRIPTS">
<XHEADER state="1">
<Title>Execute SQL Scripts</Title>
<ArchiveKey1/>
<ArchiveKey2/>
<Active>1</Active>
<OH_SubType>FE</OH_SubType>
<CustomAttributes KeyListID="0" dataRequestID="0"/>
</XHEADER>
<SYNCREF state="1">
<Syncs/>
</SYNCREF>
<ATTR_JOBP state="1">
<Queue>CLIENT_QUEUE</Queue>
<ChildQueue/>
<StartType/>
<ExtRepDef>1</ExtRepDef>
<ExtRepAll>0</ExtRepAll>
<ExtRepNone>0</ExtRepNone>
<IntAccount/>
<AutoDeactNo>0</AutoDeactNo>
<AutoDeact1ErrorFree>0</AutoDeact1ErrorFree>
<AutoDeactErrorFree>1</AutoDeactErrorFree>
<DeactWhen/>
<AutoDeactAlways>0</AutoDeactAlways>
<DeactDelay>0</DeactDelay>
<ActAtRun>1</ActAtRun>
<UC4Priority>0</UC4Priority>
<PassPriority>0</PassPriority>
<MaxParallel2>0</MaxParallel2>
<ReuseHG>1</ReuseHG>
<MpElse1>0</MpElse1>
<MpElse2>1</MpElse2>
<TZ/>
<RWhen/>
<RExecute/>
<JPA_SubType>FE</JPA_SubType>
</ATTR_JOBP>
<JOBP_FE state="1">
<JobpStruct mode="design">
<task Alias="" BranchType="1" Col="1" Lnr="1" OType="&lt;FE&gt;" Object="FE" ParentAlias="" ParentObject="" Row="1" Text2="">
<checkpoint RollbackFlag="0" RunPerPatch="0" RunPerTarget="0" TcpADays="0" TcpATime="00:00" TcpATimeTZ="" TcpExecute="" TcpOn="0" promptatgen="0" showprompt="0"/>
<after ActFlg="1" AtimOn="0" ErlstStDays="0" ErlstStTime="00:00" ErlstStTimeTZ="" HoldFlg="0"/>
<when ChkWhenExec="0" LtstEnd="0" LtstEndDays="0" LtstEndTime="00:00" LtstSt="0" LtstStDays="0" LtstStTime="00:00" LtstTimeTZ="" WCTypeAND="1" WCTypeOR="0" WElseA="0" WElseH="0" WElseS="1" WElseX="0" WhenExecute="" WtimOn="0"/>
<preconditions>
<PreCon>
<conditions id="CONDITIONS"/>
</PreCon>
</preconditions>
<predecessors>
<pre BranchType="1" Lnr="1" PreLnr="2" When="" type="container"/>
</predecessors>
<runtime MrtCancel="0" MrtDays="0" MrtErt="0" MrtExecute="0" MrtExecuteObj="" MrtFix="0" MrtMethodDate="0" MrtMethodErt="0" MrtMethodFix="0" MrtMethodNone="1" MrtOn="1" MrtTZ="" MrtTime="00:00" SrtErt="0" SrtFix="0" SrtMethodErt="0" SrtMethodFix="0" SrtMethodNone="1"/>
<result ChkRExec="0" RElseHalt="0" RElseIgn="0" RElseJPAbend="0" RExecFlag="0" RExecute="" RRepMTimes="0" RRepOn="0" RRepWait="0" RWhen=""/>
<dynvalues>
<dyntree/>
</dynvalues>
<CIT/>
<calendars CCTypeAll="0" CCTypeExt="0" CCTypeNone="0" CCTypeOne="1" CaleOn="0"/>
<postconditions>
<PostCon>
<conditions id="CONDITIONS"/>
</PostCon>
</postconditions>
<ForEach publish_name="&amp;ITEM#" source_name="&amp;FF_SEARCH_RESULT#" source_prompt="0" source_vara="1" source_vara_column="3"/>
</task>
<task Alias="" BranchType="1" Col="2" Lnr="2" OType="JOBP" Object="PCK.AUTOMIC_JDBC.PUB.ACTION.EXECUTE_SQL_SCRIPT" ParentAlias="" ParentObject="" Row="1" Text2="">
<checkpoint RollbackFlag="0" RunPerPatch="0" RunPerTarget="0" TcpADays="0" TcpATime="00:00" TcpATimeTZ="" TcpExecute="" TcpOn="0" promptatgen="0" showprompt="0"/>
<after ActFlg="1" AtimOn="0" ErlstStDays="0" ErlstStTime="00:00" ErlstStTimeTZ="" HoldFlg="0"/>
<when ChkWhenExec="0" LtstEnd="0" LtstEndDays="0" LtstEndTime="00:00" LtstSt="0" LtstStDays="0" LtstStTime="00:00" LtstTimeTZ="" WCTypeAND="1" WCTypeOR="0" WElseA="0" WElseH="1" WElseS="0" WElseX="0" WhenExecute="" WtimOn="0"/>
<preconditions>
<PreCon>
<conditions id="CONDITIONS"/>
</PreCon>
</preconditions>
<predecessors>
<pre BranchType="1" Lnr="1" PreLnr="1" When="" type="container"/>
</predecessors>
<runtime MrtCancel="0" MrtDays="0" MrtErt="0" MrtExecute="0" MrtExecuteObj="" MrtFix="0" MrtMethodDate="0" MrtMethodErt="0" MrtMethodFix="0" MrtMethodNone="1" MrtOn="1" MrtTZ="" MrtTime="00:00" SrtErt="0" SrtFix="0" SrtMethodErt="0" SrtMethodFix="0" SrtMethodNone="1"/>
<result ChkRExec="0" RElseHalt="0" RElseIgn="0" RElseJPAbend="0" RExecFlag="0" RExecute="" RRepMTimes="0" RRepOn="0" RRepWait="0" RWhen=""/>
<dynvalues>
<dyntree>
<node content="1" id="VALUE" name="Variables" parent="" type="TASKVALUE">
<VALUE state="2">
<Values/>
<Mode>0</Mode>
</VALUE>
</node>
<node content="1" id="PVALUE" name="Parent Variables" parent="" type="TASKVALUE">
<VALUE state="2">
<Values/>
<Mode>0</Mode>
</VALUE>
</node>
<node content="1" id="PRPTS" name="PromptSets" parent="" pref="1" type="PROMPTSET"/>
<node content="0" id="PPRPTS" name="Parent PromptSets" parent="" type="PPROMPTSET"/>
<node content="1" id="PCK.AUTOMIC_JDBC.PRV.PROMPTSET.EXECUTE_SQL_SCRIPT" name="PCK.AUTOMIC_JDBC.PRV.PROMPTSET.EXECUTE_SQL_SCRIPT" parent="PRPTS" type="PROMPTSET">
<PROMPTSET name="PCK.AUTOMIC_JDBC.PRV.PROMPTSET.EXECUTE_SQL_SCRIPT">
<PRPTBOX promptset="PCK.AUTOMIC_JDBC.PRV.PROMPTSET.EXECUTE_SQL_SCRIPT">
<UC4RB_DB_ADD_PROPs.00 ReadFromTable="JPPV" altview="1" haslist="0" msginsert="" msgnr="" promptname="UC4RB_DB_ADD_PROP#" promptsetname="PCK.AUTOMIC_JDBC.PRV.PROMPTSET.EXECUTE_SQL_SCRIPT">&amp;DB_ADD_PROP#</UC4RB_DB_ADD_PROPs.00>
<UC4RB_DB_CONN_INTRVLs.00 ReadFromTable="JPPV" altview="1" haslist="0" msginsert="" msgnr="" promptname="UC4RB_DB_CONN_INTRVL#" promptsetname="PCK.AUTOMIC_JDBC.PRV.PROMPTSET.EXECUTE_SQL_SCRIPT">&amp;DB_CONN_INTRVL#</UC4RB_DB_CONN_INTRVLs.00>
<UC4RB_DB_CONN_RETRYs.00 ReadFromTable="JPPV" altview="1" haslist="0" msginsert="" msgnr="" promptname="UC4RB_DB_CONN_RETRY#" promptsetname="PCK.AUTOMIC_JDBC.PRV.PROMPTSET.EXECUTE_SQL_SCRIPT">&amp;DB_CONN_RETRY#</UC4RB_DB_CONN_RETRYs.00>
<UC4RB_DB_DRIVER_CLASSs.00 ReadFromTable="JPPV" altview="1" haslist="0" msginsert="" msgnr="" promptname="UC4RB_DB_DRIVER_CLASS#" promptsetname="PCK.AUTOMIC_JDBC.PRV.PROMPTSET.EXECUTE_SQL_SCRIPT">&amp;DB_DRIVER_CLASS#</UC4RB_DB_DRIVER_CLASSs.00>
<UC4RB_DB_DRIVER_JARs.00 ReadFromTable="JPPV" altview="1" haslist="0" msginsert="" msgnr="" promptname="UC4RB_DB_DRIVER_JAR#" promptsetname="PCK.AUTOMIC_JDBC.PRV.PROMPTSET.EXECUTE_SQL_SCRIPT">&amp;DB_DRIVER_JAR#</UC4RB_DB_DRIVER_JARs.00>
<UC4RB_DB_JDBC_CONNs.00 ReadFromTable="JPPV" altview="1" haslist="0" msginsert="" msgnr="" promptname="UC4RB_DB_JDBC_CONN#" promptsetname="PCK.AUTOMIC_JDBC.PRV.PROMPTSET.EXECUTE_SQL_SCRIPT">&amp;DB_JDBC_CONN#</UC4RB_DB_JDBC_CONNs.00>
<UC4RB_DB_PASSWORDs.00 ReadFromTable="JPPV" altview="1" haslist="0" msginsert="" msgnr="" promptname="UC4RB_DB_PASSWORD#" promptsetname="PCK.AUTOMIC_JDBC.PRV.PROMPTSET.EXECUTE_SQL_SCRIPT">&amp;DB_PASSWORD#</UC4RB_DB_PASSWORDs.00>
<UC4RB_DB_SCRIPT_ORDERs.00 ReadFromTable="JPPV" altview="0" haslist="0" msginsert="" msgnr="" promptname="UC4RB_DB_SCRIPT_ORDER#" promptsetname="PCK.AUTOMIC_JDBC.PRV.PROMPTSET.EXECUTE_SQL_SCRIPT">FILE_NAME_ASC</UC4RB_DB_SCRIPT_ORDERs.00>
<UC4RB_DB_SCRIPT_SEPRs.00 ReadFromTable="JPPV" altview="1" haslist="0" msginsert="" msgnr="" promptname="UC4RB_DB_SCRIPT_SEPR#" promptsetname="PCK.AUTOMIC_JDBC.PRV.PROMPTSET.EXECUTE_SQL_SCRIPT">&amp;DB_SCRIPT_SEPR#</UC4RB_DB_SCRIPT_SEPRs.00>
<UC4RB_DB_SCRIPT_URIs.00 ReadFromTable="JPPV" altview="1" haslist="0" msginsert="" msgnr="" promptname="UC4RB_DB_SCRIPT_URI#" promptsetname="PCK.AUTOMIC_JDBC.PRV.PROMPTSET.EXECUTE_SQL_SCRIPT">&amp;ITEM#</UC4RB_DB_SCRIPT_URIs.00>
<UC4RB_DB_TNSNAMES_ORAs.00 ReadFromTable="JPPV" altview="1" haslist="0" msginsert="" msgnr="" promptname="UC4RB_DB_TNSNAMES_ORA#" promptsetname="PCK.AUTOMIC_JDBC.PRV.PROMPTSET.EXECUTE_SQL_SCRIPT">&amp;DB_TNSNAMES_ORA#</UC4RB_DB_TNSNAMES_ORAs.00>
<UC4RB_DB_USERNAMEs.00 ReadFromTable="JPPV" altview="1" haslist="0" msginsert="" msgnr="" promptname="UC4RB_DB_USERNAME#" promptsetname="PCK.AUTOMIC_JDBC.PRV.PROMPTSET.EXECUTE_SQL_SCRIPT">&amp;DB_USERNAME#</UC4RB_DB_USERNAMEs.00>
</PRPTBOX>
</PROMPTSET>
</node>
<node content="1" id="PCK.ITPA_SHARED.PUB.PROMPTSET.SUDO" name="PCK.ITPA_SHARED.PUB.PROMPTSET.SUDO" parent="PRPTS" type="PROMPTSET">
<PROMPTSET name="PCK.ITPA_SHARED.PUB.PROMPTSET.SUDO">
<PRPTBOX promptset="PCK.ITPA_SHARED.PUB.PROMPTSET.SUDO">
<UC4RB_SUDO_PASSWORDs.00 ReadFromTable="JPPV" altview="1" haslist="0" msginsert="" msgnr="" promptname="UC4RB_SUDO_PASSWORD#" promptsetname="PCK.ITPA_SHARED.PUB.PROMPTSET.SUDO">&amp;SUDO_PASSWORD#</UC4RB_SUDO_PASSWORDs.00>
<UC4RB_SUDO_USERs.00 ReadFromTable="JPPV" altview="1" haslist="0" msginsert="" msgnr="" promptname="UC4RB_SUDO_USER#" promptsetname="PCK.ITPA_SHARED.PUB.PROMPTSET.SUDO">&amp;SUDO_USER#</UC4RB_SUDO_USERs.00>
<UC4RB_USE_SUDOs.00 ReadFromTable="JPPV" altview="1" haslist="0" msginsert="" msgnr="" promptname="UC4RB_USE_SUDO#" promptsetname="PCK.ITPA_SHARED.PUB.PROMPTSET.SUDO">&amp;SUDO_USE#</UC4RB_USE_SUDOs.00>
</PRPTBOX>
</PROMPTSET>
</node>
<node content="1" id="PCK.ITPA_SHARED.PRV.PROMPTSET.OVERWRITE_AGENT" name="PCK.ITPA_SHARED.PRV.PROMPTSET.OVERWRITE_AGENT" parent="PRPTS" type="PROMPTSET">
<PROMPTSET name="PCK.ITPA_SHARED.PRV.PROMPTSET.OVERWRITE_AGENT">
<PRPTBOX promptset="PCK.ITPA_SHARED.PRV.PROMPTSET.OVERWRITE_AGENT">
<AGENTs.00 ReadFromTable="JPPV" altview="1" haslist="0" msginsert="" msgnr="" promptname="AGENT#" promptsetname="PCK.ITPA_SHARED.PRV.PROMPTSET.OVERWRITE_AGENT">&amp;AGENT#</AGENTs.00>
<LOGINs.00 ReadFromTable="JPPV" altview="1" haslist="0" msginsert="" msgnr="" promptname="LOGIN#" promptsetname="PCK.ITPA_SHARED.PRV.PROMPTSET.OVERWRITE_AGENT">&amp;LOGIN#</LOGINs.00>
</PRPTBOX>
</PROMPTSET>
</node>
</dyntree>
</dynvalues>
<CIT/>
<calendars CCTypeAll="0" CCTypeExt="0" CCTypeNone="0" CCTypeOne="1" CaleOn="0"/>
<postconditions>
<PostCon>
<conditions id="CONDITIONS"/>
</PostCon>
</postconditions>
</task>
<task Alias="" BranchType="2" Col="1" Lnr="3" OType="&lt;END&gt;" Object="END" ParentAlias="" ParentObject="" Row="2" Text2="">
<checkpoint RollbackFlag="0" RunPerPatch="0" RunPerTarget="0" TcpADays="0" TcpATime="00:00" TcpATimeTZ="" TcpExecute="" TcpOn="0" promptatgen="0" showprompt="0"/>
<after ActFlg="1" AtimOn="0" ErlstStDays="0" ErlstStTime="00:00" ErlstStTimeTZ="" HoldFlg="0"/>
<when ChkWhenExec="0" LtstEnd="0" LtstEndDays="0" LtstEndTime="00:00" LtstSt="0" LtstStDays="0" LtstStTime="00:00" LtstTimeTZ="" WCTypeAND="1" WCTypeOR="0" WElseA="0" WElseH="0" WElseS="1" WElseX="0" WhenExecute="" WtimOn="0"/>
<preconditions>
<PreCon>
<conditions id="CONDITIONS"/>
</PreCon>
</preconditions>
<predecessors>
<pre BranchType="2" Lnr="1" PreLnr="1" When="" type="container"/>
</predecessors>
<runtime MrtCancel="0" MrtDays="0" MrtErt="0" MrtExecute="0" MrtExecuteObj="" MrtFix="0" MrtMethodDate="0" MrtMethodErt="0" MrtMethodFix="0" MrtMethodNone="1" MrtOn="1" MrtTZ="" MrtTime="00:00" SrtErt="0" SrtFix="0" SrtMethodErt="0" SrtMethodFix="0" SrtMethodNone="1"/>
<result ChkRExec="0" RElseHalt="0" RElseIgn="0" RElseJPAbend="0" RExecFlag="0" RExecute="" RRepMTimes="0" RRepOn="0" RRepWait="0" RWhen=""/>
<dynvalues>
<dyntree/>
</dynvalues>
<CIT/>
<calendars CCTypeAll="0" CCTypeExt="0" CCTypeNone="0" CCTypeOne="1" CaleOn="0"/>
<postconditions>
<PostCon>
<conditions id="CONDITIONS"/>
</PostCon>
</postconditions>
</task>
<OPTIONS/>
</JobpStruct>
</JOBP_FE>
<RUNTIME state="1">
<MaxRetCode>0</MaxRetCode>
<MrcExecute/>
<MrcElseE>0</MrcElseE>
<FcstStatus>0| |</FcstStatus>
<Ert>0</Ert>
<ErtMethodDef>1</ErtMethodDef>
<ErtMethodFix>0</ErtMethodFix>
<ErtFix>0</ErtFix>
<ErtDynMethod>2|Average</ErtDynMethod>
<ErtMethodDyn>0</ErtMethodDyn>
<ErtCnt>0</ErtCnt>
<ErtCorr>0</ErtCorr>
<ErtIgn>0</ErtIgn>
<ErtIgnFlg>0</ErtIgnFlg>
<ErtMinCnt>0</ErtMinCnt>
<MrtMethodNone>1</MrtMethodNone>
<MrtMethodFix>0</MrtMethodFix>
<MrtFix>0</MrtFix>
<MrtMethodErt>0</MrtMethodErt>
<MrtErt>0</MrtErt>
<MrtMethodDate>0</MrtMethodDate>
<MrtDays>0</MrtDays>
<MrtTime>00:00</MrtTime>
<MrtTZ/>
<SrtMethodNone>1</SrtMethodNone>
<SrtMethodFix>0</SrtMethodFix>
<SrtFix>0</SrtFix>
<SrtMethodErt>0</SrtMethodErt>
<SrtErt>0</SrtErt>
<MrtCancel>0</MrtCancel>
<MrtExecute>0</MrtExecute>
<MrtExecuteObj/>
</RUNTIME>
<DYNVALUES state="1">
<dyntree>
<node content="1" id="VALUE" name="Variables" parent="" type="VALUE">
<VALUE state="1">
<Values/>
<Mode>0</Mode>
</VALUE>
</node>
</dyntree>
</DYNVALUES>
<DEPLOYMENT state="1">
<DeploymentFlag>0</DeploymentFlag>
<WFTypeA>1</WFTypeA>
<WFTypeC>0</WFTypeC>
<AppName/>
<WFName/>
<ComponentName/>
</DEPLOYMENT>
<ROLLBACK state="1">
<RollbackFlag>0</RollbackFlag>
<CBackupObj/>
<CRollbackObj/>
<FBackupPath/>
<FDeleteBefore>0</FDeleteBefore>
<FInclSubDirs>0</FInclSubDirs>
</ROLLBACK>
<SCRIPT mode="1" state="1">
<MSCRI/>
</SCRIPT>
<DOCU_Docu state="1" type="text">
<DOC/>
</DOCU_Docu>
</JOBP>
<JOBP AllowExternal="1" name="PCK.AUTOMIC_TMPL_MSSQL.PUB.TEMPLATE.INSTALL.MSSQL.DEFAULT">
<XHEADER state="1">
<Title>Template MSSQL Install</Title>
<ArchiveKey1/>
<ArchiveKey2/>
<Active>1</Active>
<OH_SubType/>
<CustomAttributes KeyListID="0" dataRequestID="0"/>
</XHEADER>
<SYNCREF state="1">
<Syncs/>
</SYNCREF>
<ATTR_JOBP state="1">
<Queue>CLIENT_QUEUE</Queue>
<ChildQueue/>
<StartType/>
<ExtRepDef>1</ExtRepDef>
<ExtRepAll>0</ExtRepAll>
<ExtRepNone>0</ExtRepNone>
<IntAccount/>
<AutoDeactNo>1</AutoDeactNo>
<AutoDeact1ErrorFree>0</AutoDeact1ErrorFree>
<AutoDeactErrorFree>0</AutoDeactErrorFree>
<DeactWhen/>
<AutoDeactAlways>0</AutoDeactAlways>
<DeactDelay>0</DeactDelay>
<ActAtRun>1</ActAtRun>
<UC4Priority>0</UC4Priority>
<PassPriority>0</PassPriority>
<MaxParallel2>0</MaxParallel2>
<ReuseHG>1</ReuseHG>
<MpElse1>1</MpElse1>
<MpElse2>0</MpElse2>
<TZ/>
<RWhen/>
<RExecute/>
<JPA_SubType/>
</ATTR_JOBP>
<JOBP state="1">
<JobpStruct mode="design">
<task Alias="" BranchType="0" Col="1" Lnr="1" OType="&lt;START&gt;" Object="START" ParentAlias="" ParentObject="" Row="1" Text2="">
<checkpoint RollbackFlag="0" RunPerPatch="0" RunPerTarget="0" TcpADays="0" TcpATime="00:00" TcpATimeTZ="" TcpExecute="" TcpOn="0" promptatgen="0" showprompt="0"/>
<after ActFlg="1" AtimOn="0" ErlstStDays="0" ErlstStTime="00:00" ErlstStTimeTZ="" HoldFlg="0"/>
<when ChkWhenExec="0" LtstEnd="0" LtstEndDays="0" LtstEndTime="00:00" LtstSt="0" LtstStDays="0" LtstStTime="00:00" LtstTimeTZ="" WCTypeAND="1" WCTypeOR="0" WElseA="0" WElseH="0" WElseS="1" WElseX="0" WhenExecute="" WtimOn="0"/>
<preconditions>
<PreCon>
<conditions id="CONDITIONS"/>
</PreCon>
</preconditions>
<predecessors/>
<runtime MrtCancel="0" MrtDays="0" MrtErt="0" MrtExecute="0" MrtExecuteObj="" MrtFix="0" MrtMethodDate="0" MrtMethodErt="0" MrtMethodFix="0" MrtMethodNone="1" MrtOn="1" MrtTZ="" MrtTime="00:00" SrtErt="0" SrtFix="0" SrtMethodErt="0" SrtMethodFix="0" SrtMethodNone="1"/>
<result ChkRExec="0" RElseHalt="0" RElseIgn="0" RElseJPAbend="0" RExecFlag="0" RExecute="" RRepMTimes="0" RRepOn="0" RRepWait="0" RWhen=""/>
<dynvalues>
<dyntree/>
</dynvalues>
<CIT/>
<calendars CCTypeAll="0" CCTypeExt="0" CCTypeNone="0" CCTypeOne="1" CaleOn="0"/>
<postconditions>
<PostCon>
<conditions id="CONDITIONS"/>
</PostCon>
</postconditions>
</task>
<task Alias="" BranchType="0" Col="2" Lnr="2" OType="JOBP" Object="PCK.AUTOMIC_FILESYSTEM.PUB.ACTION.CREATE_DIR" ParentAlias="" ParentObject="" Row="1" Text2="">
<checkpoint RollbackFlag="0" RunPerPatch="0" RunPerTarget="0" TcpADays="0" TcpATime="00:00" TcpATimeTZ="" TcpExecute="" TcpOn="0" promptatgen="0" showprompt="0"/>
<after ActFlg="1" AtimOn="0" ErlstStDays="0" ErlstStTime="00:00" ErlstStTimeTZ="" HoldFlg="0"/>
<when ChkWhenExec="0" LtstEnd="0" LtstEndDays="0" LtstEndTime="00:00" LtstSt="0" LtstStDays="0" LtstStTime="00:00" LtstTimeTZ="" WCTypeAND="1" WCTypeOR="0" WElseA="0" WElseH="1" WElseS="0" WElseX="0" WhenExecute="" WtimOn="0"/>
<preconditions>
<PreCon>
<conditions id="CONDITIONS">
<condition active="1" id="USER DEFINED" once="0" type="C" uiinfo="">
<params>
<param altview="0" name="XC_P01" type="V" value="&amp;ARTIFACT_INSTANCE_ID#"/>
<param altview="0" name="XC_P02" type="V" value="&lt;&gt;"/>
<param altview="0" name="XC_P03" type="V" value="0"/>
</params>
<when active="1" id="USER DEFINED" once="0" type="W" uiinfo="">
<action active="1" id="SKIP TASK" once="1" type="A" uiinfo="">
<params>
<param altview="0" name="XC_P01" type="V" value="Artifact Instance set"/>
</params>
</action>
</when>
<else active="1" id="USER DEFINED" once="0" type="E" uiinfo="">
<action active="1" id="RUN TASK" once="1" type="A" uiinfo="">
<params/>
</action>
</else>
</condition>
</conditions>
</PreCon>
</preconditions>
<predecessors>
<pre BranchType="0" Lnr="1" PreLnr="1" When="ANY_OK" type="container"/>
</predecessors>
<runtime MrtCancel="0" MrtDays="0" MrtErt="0" MrtExecute="0" MrtExecuteObj="" MrtFix="0" MrtMethodDate="0" MrtMethodErt="0" MrtMethodFix="0" MrtMethodNone="1" MrtOn="1" MrtTZ="" MrtTime="00:00" SrtErt="0" SrtFix="0" SrtMethodErt="0" SrtMethodFix="0" SrtMethodNone="1"/>
<result ChkRExec="0" RElseHalt="0" RElseIgn="0" RElseJPAbend="0" RExecFlag="0" RExecute="" RRepMTimes="0" RRepOn="0" RRepWait="0" RWhen=""/>
<dynvalues>
<dyntree>
<node content="1" id="VALUE" name="Variables" parent="" type="TASKVALUE">
<VALUE state="2">
<Values/>
<Mode>0</Mode>
</VALUE>
</node>
<node content="1" id="PVALUE" name="Parent Variables" parent="" type="TASKVALUE">
<VALUE state="2">
<Values>
<row ERTUsage="0" Mod="0" Name="&amp;AGENT#" Value="EXT:agent"/>
<row ERTUsage="0" Mod="0" Name="&amp;ARTIFACT_INSTANCE_ID#" Value="EXT:@artifact/system/id"/>
<row ERTUsage="0" Mod="0" Name="&amp;DB_ADD_PROP#" Value=""/>
<row ERTUsage="0" Mod="0" Name="&amp;DB_CONN_INTRVL#" Value="10"/>
<row ERTUsage="0" Mod="0" Name="&amp;DB_CONN_RETRY#" Value="5"/>
<row ERTUsage="0" Mod="0" Name="&amp;DB_DRIVER_CLASS#" Value="EXT:/database/jdbc/driver_class"/>
<row ERTUsage="0" Mod="0" Name="&amp;DB_DRIVER_JAR#" Value="EXT:/database/jdbc/driver_jar"/>
<row ERTUsage="0" Mod="0" Name="&amp;DB_JDBC_CONN#" Value="EXT:/database/jdbc/connection_string"/>
<row ERTUsage="0" Mod="0" Name="&amp;DB_PASSWORD#" Value="EXT:/database/security/password"/>
<row ERTUsage="0" Mod="0" Name="&amp;DB_SCRIPT_SEPR#" Value=";"/>
<row ERTUsage="0" Mod="0" Name="&amp;DB_TNSNAMES_ORA#" Value=""/>
<row ERTUsage="0" Mod="0" Name="&amp;DB_USERNAME#" Value="EXT:/database/security/username"/>
<row ERTUsage="0" Mod="0" Name="&amp;FF_OUT_COUNT#" Value="0"/>
<row ERTUsage="0" Mod="0" Name="&amp;FF_SEARCH_RESULT#" Value=""/>
<row ERTUsage="0" Mod="0" Name="&amp;LOGIN#" Value="EXT:@global/login"/>
<row ERTUsage="0" Mod="0" Name="&amp;OVERWRITE_AGENT#" Value="EXT:/agent_assignment/agent"/>
<row ERTUsage="0" Mod="0" Name="&amp;OVERWRITE_LOGIN#" Value="EXT:/agent_assignment/login"/>
<row ERTUsage="0" Mod="0" Name="&amp;SUDO_PASSWORD#" Value=""/>
<row ERTUsage="0" Mod="0" Name="&amp;SUDO_USE#" Value="None"/>
<row ERTUsage="0" Mod="0" Name="&amp;SUDO_USER#" Value=""/>
<row ERTUsage="0" Mod="0" Name="&amp;TARGET_ID#" Value="EXT:@target/system/id"/>
</Values>
<Mode>0</Mode>
</VALUE>
</node>
<node content="1" id="PRPTS" name="PromptSets" parent="" pref="1" type="PROMPTSET"/>
<node content="0" id="PPRPTS" name="Parent PromptSets" parent="" type="PPROMPTSET"/>
<node content="1" id="PCK.AUTOMIC_FILESYSTEM.PRV.PROMPTSET.CREATE_DIR" name="PCK.AUTOMIC_FILESYSTEM.PRV.PROMPTSET.CREATE_DIR" parent="PRPTS" type="PROMPTSET">
<PROMPTSET name="PCK.AUTOMIC_FILESYSTEM.PRV.PROMPTSET.CREATE_DIR">
<PRPTBOX promptset="PCK.AUTOMIC_FILESYSTEM.PRV.PROMPTSET.CREATE_DIR">
<UC4RB_DIR_FILE_CREATE_DIRs.00 ReadFromTable="JPPV" altview="1" haslist="0" msginsert="" msgnr="" promptname="UC4RB_DIR_FILE_CREATE_DIR#" promptsetname="PCK.AUTOMIC_FILESYSTEM.PRV.PROMPTSET.CREATE_DIR">EXT:/staging/working_files_dirs</UC4RB_DIR_FILE_CREATE_DIRs.00>
</PRPTBOX>
</PROMPTSET>
</node>
<node content="1" id="PCK.ITPA_SHARED.PRV.PROMPTSET.OVERWRITE_AGENT" name="PCK.ITPA_SHARED.PRV.PROMPTSET.OVERWRITE_AGENT" parent="PRPTS" type="PROMPTSET">
<PROMPTSET name="PCK.ITPA_SHARED.PRV.PROMPTSET.OVERWRITE_AGENT">
<PRPTBOX promptset="PCK.ITPA_SHARED.PRV.PROMPTSET.OVERWRITE_AGENT">
<AGENTs.00 ReadFromTable="JPPV" altview="1" haslist="0" msginsert="" msgnr="" promptname="AGENT#" promptsetname="PCK.ITPA_SHARED.PRV.PROMPTSET.OVERWRITE_AGENT">&amp;AGENT#</AGENTs.00>
<LOGINs.00 ReadFromTable="JPPV" altview="1" haslist="0" msginsert="" msgnr="" promptname="LOGIN#" promptsetname="PCK.ITPA_SHARED.PRV.PROMPTSET.OVERWRITE_AGENT">&amp;LOGIN#</LOGINs.00>
</PRPTBOX>
</PROMPTSET>
</node>
</dyntree>
</dynvalues>
<CIT/>
<calendars CCTypeAll="0" CCTypeExt="0" CCTypeNone="0" CCTypeOne="1" CaleOn="0"/>
<postconditions>
<PostCon>
<conditions id="CONDITIONS"/>
</PostCon>
</postconditions>
</task>
<task Alias="" BranchType="0" Col="3" Lnr="3" OType="JOBP" Object="PCK.AUTOMIC_FILESYSTEM.PUB.ACTION.COPY" ParentAlias="" ParentObject="" Row="1" Text2="">
<checkpoint RollbackFlag="0" RunPerPatch="0" RunPerTarget="0" TcpADays="0" TcpATime="00:00" TcpATimeTZ="" TcpExecute="" TcpOn="0" promptatgen="0" showprompt="0"/>
<after ActFlg="1" AtimOn="0" ErlstStDays="0" ErlstStTime="00:00" ErlstStTimeTZ="" HoldFlg="0"/>
<when ChkWhenExec="0" LtstEnd="0" LtstEndDays="0" LtstEndTime="00:00" LtstSt="0" LtstStDays="0" LtstStTime="00:00" LtstTimeTZ="" WCTypeAND="1" WCTypeOR="0" WElseA="0" WElseH="1" WElseS="0" WElseX="0" WhenExecute="" WtimOn="0"/>
<preconditions>
<PreCon>
<conditions id="CONDITIONS">
<condition active="1" id="USER DEFINED" once="0" type="C" uiinfo="">
<params>
<param altview="0" name="XC_P01" type="V" value="&amp;ARTIFACT_INSTANCE_ID#"/>
<param altview="0" name="XC_P02" type="V" value="&lt;&gt;"/>
<param altview="0" name="XC_P03" type="V" value="0"/>
</params>
<when active="1" id="USER DEFINED" once="0" type="W" uiinfo="">
<action active="1" id="SKIP TASK" once="1" type="A" uiinfo="">
<params>
<param altview="0" name="XC_P01" type="V" value="Artifact Instance set"/>
</params>
</action>
</when>
<else active="1" id="USER DEFINED" once="0" type="E" uiinfo="">
<action active="1" id="RUN TASK" once="1" type="A" uiinfo="">
<params/>
</action>
</else>
</condition>
</conditions>
</PreCon>
</preconditions>
<predecessors>
<pre BranchType="0" Lnr="1" PreLnr="2" When="ANY_OK" type="container"/>
</predecessors>
<runtime MrtCancel="0" MrtDays="0" MrtErt="0" MrtExecute="0" MrtExecuteObj="" MrtFix="0" MrtMethodDate="0" MrtMethodErt="0" MrtMethodFix="0" MrtMethodNone="1" MrtOn="1" MrtTZ="" MrtTime="00:00" SrtErt="0" SrtFix="0" SrtMethodErt="0" SrtMethodFix="0" SrtMethodNone="1"/>
<result ChkRExec="0" RElseHalt="0" RElseIgn="0" RElseJPAbend="0" RExecFlag="0" RExecute="" RRepMTimes="0" RRepOn="0" RRepWait="0" RWhen=""/>
<dynvalues>
<dyntree>
<node content="1" id="VALUE" name="Variables" parent="" type="TASKVALUE">
<VALUE state="2">
<Values/>
<Mode>0</Mode>
</VALUE>
</node>
<node content="1" id="PVALUE" name="Parent Variables" parent="" type="TASKVALUE">
<VALUE state="2">
<Values>
<row ERTUsage="0" Mod="0" Name="&amp;AGENT#" Value="EXT:agent"/>
<row ERTUsage="0" Mod="0" Name="&amp;ARTIFACT_INSTANCE_ID#" Value="EXT:@artifact/system/id"/>
<row ERTUsage="0" Mod="0" Name="&amp;DB_ADD_PROP#" Value=""/>
<row ERTUsage="0" Mod="0" Name="&amp;DB_CONN_INTRVL#" Value="10"/>
<row ERTUsage="0" Mod="0" Name="&amp;DB_CONN_RETRY#" Value="5"/>
<row ERTUsage="0" Mod="0" Name="&amp;DB_DRIVER_CLASS#" Value="EXT:/database/jdbc/driver_class"/>
<row ERTUsage="0" Mod="0" Name="&amp;DB_DRIVER_JAR#" Value="EXT:/database/jdbc/driver_jar"/>
<row ERTUsage="0" Mod="0" Name="&amp;DB_JDBC_CONN#" Value="EXT:/database/jdbc/connection_string"/>
<row ERTUsage="0" Mod="0" Name="&amp;DB_PASSWORD#" Value="EXT:/database/security/password"/>
<row ERTUsage="0" Mod="0" Name="&amp;DB_SCRIPT_SEPR#" Value=";"/>
<row ERTUsage="0" Mod="0" Name="&amp;DB_TNSNAMES_ORA#" Value=""/>
<row ERTUsage="0" Mod="0" Name="&amp;DB_USERNAME#" Value="EXT:/database/security/username"/>
<row ERTUsage="0" Mod="0" Name="&amp;FF_OUT_COUNT#" Value="0"/>
<row ERTUsage="0" Mod="0" Name="&amp;FF_SEARCH_RESULT#" Value=""/>
<row ERTUsage="0" Mod="0" Name="&amp;LOGIN#" Value="EXT:@global/login"/>
<row ERTUsage="0" Mod="0" Name="&amp;OVERWRITE_AGENT#" Value="EXT:/agent_assignment/agent"/>
<row ERTUsage="0" Mod="0" Name="&amp;OVERWRITE_LOGIN#" Value="EXT:/agent_assignment/login"/>
<row ERTUsage="0" Mod="0" Name="&amp;SUDO_PASSWORD#" Value=""/>
<row ERTUsage="0" Mod="0" Name="&amp;SUDO_USE#" Value="None"/>
<row ERTUsage="0" Mod="0" Name="&amp;SUDO_USER#" Value=""/>
<row ERTUsage="0" Mod="0" Name="&amp;TARGET_ID#" Value="EXT:@target/system/id"/>
</Values>
<Mode>0</Mode>
</VALUE>
</node>
<node content="1" id="PRPTS" name="PromptSets" parent="" pref="1" type="PROMPTSET"/>
<node content="0" id="PPRPTS" name="Parent PromptSets" parent="" type="PPROMPTSET"/>
<node content="1" id="PCK.AUTOMIC_FILESYSTEM.PRV.PROMPTSET.COPY" name="PCK.AUTOMIC_FILESYSTEM.PRV.PROMPTSET.COPY" parent="PRPTS" type="PROMPTSET">
<PROMPTSET name="PCK.AUTOMIC_FILESYSTEM.PRV.PROMPTSET.COPY">
<PRPTBOX promptset="PCK.AUTOMIC_FILESYSTEM.PRV.PROMPTSET.COPY">
<UC4RB_COPY_EXCLUDEs.00 ReadFromTable="JPPV" altview="0" haslist="0" msginsert="" msgnr="" promptname="UC4RB_COPY_EXCLUDE#" promptsetname="PCK.AUTOMIC_FILESYSTEM.PRV.PROMPTSET.COPY"/>
<UC4RB_DIR_FILE_CP_OVERWRITEs.00 ReadFromTable="JPPV" altview="0" haslist="0" msginsert="" msgnr="" promptname="UC4RB_DIR_FILE_CP_OVERWRITE#" promptsetname="PCK.AUTOMIC_FILESYSTEM.PRV.PROMPTSET.COPY">YES</UC4RB_DIR_FILE_CP_OVERWRITEs.00>
<UC4RB_DIR_FILE_CP_SOURCEs.00 ReadFromTable="JPPV" altview="1" haslist="0" msginsert="" msgnr="" promptname="UC4RB_DIR_FILE_CP_SOURCE#" promptsetname="PCK.AUTOMIC_FILESYSTEM.PRV.PROMPTSET.COPY">EXT:/source/source_files_dirs</UC4RB_DIR_FILE_CP_SOURCEs.00>
<UC4RB_DIR_FILE_CP_TARGETs.00 ReadFromTable="JPPV" altview="1" haslist="0" msginsert="" msgnr="" promptname="UC4RB_DIR_FILE_CP_TARGET#" promptsetname="PCK.AUTOMIC_FILESYSTEM.PRV.PROMPTSET.COPY">EXT:/staging/working_files_dirs</UC4RB_DIR_FILE_CP_TARGETs.00>
</PRPTBOX>
</PROMPTSET>
</node>
<node content="1" id="PCK.ITPA_SHARED.PRV.PROMPTSET.OVERWRITE_AGENT" name="PCK.ITPA_SHARED.PRV.PROMPTSET.OVERWRITE_AGENT" parent="PRPTS" type="PROMPTSET">
<PROMPTSET name="PCK.ITPA_SHARED.PRV.PROMPTSET.OVERWRITE_AGENT">
<PRPTBOX promptset="PCK.ITPA_SHARED.PRV.PROMPTSET.OVERWRITE_AGENT">
<AGENTs.00 ReadFromTable="JPPV" altview="1" haslist="0" msginsert="" msgnr="" promptname="AGENT#" promptsetname="PCK.ITPA_SHARED.PRV.PROMPTSET.OVERWRITE_AGENT">&amp;AGENT#</AGENTs.00>
<LOGINs.00 ReadFromTable="JPPV" altview="1" haslist="0" msginsert="" msgnr="" promptname="LOGIN#" promptsetname="PCK.ITPA_SHARED.PRV.PROMPTSET.OVERWRITE_AGENT">&amp;LOGIN#</LOGINs.00>
</PRPTBOX>
</PROMPTSET>
</node>
</dyntree>
</dynvalues>
<CIT/>
<calendars CCTypeAll="0" CCTypeExt="0" CCTypeNone="0" CCTypeOne="1" CaleOn="0"/>
<postconditions>
<PostCon>
<conditions id="CONDITIONS"/>
</PostCon>
</postconditions>
</task>
<task Alias="" BranchType="0" Col="4" Lnr="4" OType="JOBP" Object="PCK.AUTOMIC_FILESYSTEM.PUB.ACTION.CREATE_DIR" ParentAlias="" ParentObject="" Row="1" Text2="">
<checkpoint RollbackFlag="0" RunPerPatch="0" RunPerTarget="0" TcpADays="0" TcpATime="00:00" TcpATimeTZ="" TcpExecute="" TcpOn="0" promptatgen="0" showprompt="0"/>
<after ActFlg="1" AtimOn="0" ErlstStDays="0" ErlstStTime="00:00" ErlstStTimeTZ="" HoldFlg="0"/>
<when ChkWhenExec="0" LtstEnd="0" LtstEndDays="0" LtstEndTime="00:00" LtstSt="0" LtstStDays="0" LtstStTime="00:00" LtstTimeTZ="" WCTypeAND="1" WCTypeOR="0" WElseA="0" WElseH="1" WElseS="0" WElseX="0" WhenExecute="" WtimOn="0"/>
<preconditions>
<PreCon>
<conditions id="CONDITIONS">
<condition active="1" id="USER DEFINED" once="0" type="C" uiinfo="">
<params>
<param altview="0" name="XC_P01" type="V" value="&amp;ARTIFACT_INSTANCE_ID#"/>
<param altview="0" name="XC_P02" type="V" value="&lt;&gt;"/>
<param altview="0" name="XC_P03" type="V" value="0"/>
</params>
<when active="1" id="USER DEFINED" once="0" type="W" uiinfo="">
<action active="1" id="SKIP TASK" once="1" type="A" uiinfo="">
<params>
<param altview="0" name="XC_P01" type="V" value="Artifact Instance set"/>
</params>
</action>
</when>
<else active="1" id="USER DEFINED" once="0" type="E" uiinfo="">
<action active="1" id="RUN TASK" once="1" type="A" uiinfo="">
<params/>
</action>
</else>
</condition>
</conditions>
</PreCon>
</preconditions>
<predecessors>
<pre BranchType="0" Lnr="1" PreLnr="3" When="ANY_OK" type="container"/>
</predecessors>
<runtime MrtCancel="0" MrtDays="0" MrtErt="0" MrtExecute="0" MrtExecuteObj="" MrtFix="0" MrtMethodDate="0" MrtMethodErt="0" MrtMethodFix="0" MrtMethodNone="1" MrtOn="1" MrtTZ="" MrtTime="00:00" SrtErt="0" SrtFix="0" SrtMethodErt="0" SrtMethodFix="0" SrtMethodNone="1"/>
<result ChkRExec="0" RElseHalt="0" RElseIgn="0" RElseJPAbend="0" RExecFlag="0" RExecute="" RRepMTimes="0" RRepOn="0" RRepWait="0" RWhen=""/>
<dynvalues>
<dyntree>
<node content="1" id="VALUE" name="Variables" parent="" type="TASKVALUE">
<VALUE state="2">
<Values/>
<Mode>0</Mode>
</VALUE>
</node>
<node content="1" id="PVALUE" name="Parent Variables" parent="" type="TASKVALUE">
<VALUE state="2">
<Values>
<row ERTUsage="0" Mod="0" Name="&amp;AGENT#" Value="EXT:agent"/>
<row ERTUsage="0" Mod="0" Name="&amp;ARTIFACT_INSTANCE_ID#" Value="EXT:@artifact/system/id"/>
<row ERTUsage="0" Mod="0" Name="&amp;DB_ADD_PROP#" Value=""/>
<row ERTUsage="0" Mod="0" Name="&amp;DB_CONN_INTRVL#" Value="10"/>
<row ERTUsage="0" Mod="0" Name="&amp;DB_CONN_RETRY#" Value="5"/>
<row ERTUsage="0" Mod="0" Name="&amp;DB_DRIVER_CLASS#" Value="EXT:/database/jdbc/driver_class"/>
<row ERTUsage="0" Mod="0" Name="&amp;DB_DRIVER_JAR#" Value="EXT:/database/jdbc/driver_jar"/>
<row ERTUsage="0" Mod="0" Name="&amp;DB_JDBC_CONN#" Value="EXT:/database/jdbc/connection_string"/>
<row ERTUsage="0" Mod="0" Name="&amp;DB_PASSWORD#" Value="EXT:/database/security/password"/>
<row ERTUsage="0" Mod="0" Name="&amp;DB_SCRIPT_SEPR#" Value=";"/>
<row ERTUsage="0" Mod="0" Name="&amp;DB_TNSNAMES_ORA#" Value=""/>
<row ERTUsage="0" Mod="0" Name="&amp;DB_USERNAME#" Value="EXT:/database/security/username"/>
<row ERTUsage="0" Mod="0" Name="&amp;FF_OUT_COUNT#" Value="0"/>
<row ERTUsage="0" Mod="0" Name="&amp;FF_SEARCH_RESULT#" Value=""/>
<row ERTUsage="0" Mod="0" Name="&amp;LOGIN#" Value="EXT:@global/login"/>
<row ERTUsage="0" Mod="0" Name="&amp;OVERWRITE_AGENT#" Value="EXT:/agent_assignment/agent"/>
<row ERTUsage="0" Mod="0" Name="&amp;OVERWRITE_LOGIN#" Value="EXT:/agent_assignment/login"/>
<row ERTUsage="0" Mod="0" Name="&amp;SUDO_PASSWORD#" Value=""/>
<row ERTUsage="0" Mod="0" Name="&amp;SUDO_USE#" Value="None"/>
<row ERTUsage="0" Mod="0" Name="&amp;SUDO_USER#" Value=""/>
<row ERTUsage="0" Mod="0" Name="&amp;TARGET_ID#" Value="EXT:@target/system/id"/>
</Values>
<Mode>0</Mode>
</VALUE>
</node>
<node content="1" id="PRPTS" name="PromptSets" parent="" pref="1" type="PROMPTSET"/>
<node content="0" id="PPRPTS" name="Parent PromptSets" parent="" type="PPROMPTSET"/>
<node content="1" id="PCK.AUTOMIC_FILESYSTEM.PRV.PROMPTSET.CREATE_DIR" name="PCK.AUTOMIC_FILESYSTEM.PRV.PROMPTSET.CREATE_DIR" parent="PRPTS" type="PROMPTSET">
<PROMPTSET name="PCK.AUTOMIC_FILESYSTEM.PRV.PROMPTSET.CREATE_DIR">
<PRPTBOX promptset="PCK.AUTOMIC_FILESYSTEM.PRV.PROMPTSET.CREATE_DIR">
<UC4RB_DIR_FILE_CREATE_DIRs.00 ReadFromTable="JPPV" altview="1" haslist="0" msginsert="" msgnr="" promptname="UC4RB_DIR_FILE_CREATE_DIR#" promptsetname="PCK.AUTOMIC_FILESYSTEM.PRV.PROMPTSET.CREATE_DIR">EXT:/target/target_files_dirs</UC4RB_DIR_FILE_CREATE_DIRs.00>
</PRPTBOX>
</PROMPTSET>
</node>
<node content="1" id="PCK.ITPA_SHARED.PRV.PROMPTSET.OVERWRITE_AGENT" name="PCK.ITPA_SHARED.PRV.PROMPTSET.OVERWRITE_AGENT" parent="PRPTS" type="PROMPTSET">
<PROMPTSET name="PCK.ITPA_SHARED.PRV.PROMPTSET.OVERWRITE_AGENT">
<PRPTBOX promptset="PCK.ITPA_SHARED.PRV.PROMPTSET.OVERWRITE_AGENT">
<AGENTs.00 ReadFromTable="JPPV" altview="1" haslist="0" msginsert="" msgnr="" promptname="AGENT#" promptsetname="PCK.ITPA_SHARED.PRV.PROMPTSET.OVERWRITE_AGENT">&amp;AGENT#</AGENTs.00>
<LOGINs.00 ReadFromTable="JPPV" altview="1" haslist="0" msginsert="" msgnr="" promptname="LOGIN#" promptsetname="PCK.ITPA_SHARED.PRV.PROMPTSET.OVERWRITE_AGENT">&amp;LOGIN#</LOGINs.00>
</PRPTBOX>
</PROMPTSET>
</node>
</dyntree>
</dynvalues>
<CIT/>
<calendars CCTypeAll="0" CCTypeExt="0" CCTypeNone="0" CCTypeOne="1" CaleOn="0"/>
<postconditions>
<PostCon>
<conditions id="CONDITIONS"/>
</PostCon>
</postconditions>
</task>
<task Alias="" BranchType="0" Col="5" Lnr="5" OType="JOBP" Object="PCK.AUTOMIC_FILESYSTEM.PUB.ACTION.COPY" ParentAlias="" ParentObject="" Row="1" Text2="">
<checkpoint RollbackFlag="0" RunPerPatch="0" RunPerTarget="0" TcpADays="0" TcpATime="00:00" TcpATimeTZ="" TcpExecute="" TcpOn="0" promptatgen="0" showprompt="0"/>
<after ActFlg="1" AtimOn="0" ErlstStDays="0" ErlstStTime="00:00" ErlstStTimeTZ="" HoldFlg="0"/>
<when ChkWhenExec="0" LtstEnd="0" LtstEndDays="0" LtstEndTime="00:00" LtstSt="0" LtstStDays="0" LtstStTime="00:00" LtstTimeTZ="" WCTypeAND="1" WCTypeOR="0" WElseA="0" WElseH="1" WElseS="0" WElseX="0" WhenExecute="" WtimOn="0"/>
<preconditions>
<PreCon>
<conditions id="CONDITIONS">
<condition active="1" id="USER DEFINED" once="0" type="C" uiinfo="">
<params>
<param altview="0" name="XC_P01" type="V" value="&amp;ARTIFACT_INSTANCE_ID#"/>
<param altview="0" name="XC_P02" type="V" value="&lt;&gt;"/>
<param altview="0" name="XC_P03" type="V" value="0"/>
</params>
<when active="1" id="USER DEFINED" once="0" type="W" uiinfo="">
<action active="1" id="SKIP TASK" once="1" type="A" uiinfo="">
<params>
<param altview="0" name="XC_P01" type="V" value="Artifact Instance set"/>
</params>
</action>
</when>
<else active="1" id="USER DEFINED" once="0" type="E" uiinfo="">
<action active="1" id="RUN TASK" once="1" type="A" uiinfo="">
<params/>
</action>
</else>
</condition>
</conditions>
</PreCon>
</preconditions>
<predecessors>
<pre BranchType="0" Lnr="1" PreLnr="4" When="ANY_OK" type="container"/>
</predecessors>
<runtime MrtCancel="0" MrtDays="0" MrtErt="0" MrtExecute="0" MrtExecuteObj="" MrtFix="0" MrtMethodDate="0" MrtMethodErt="0" MrtMethodFix="0" MrtMethodNone="1" MrtOn="1" MrtTZ="" MrtTime="00:00" SrtErt="0" SrtFix="0" SrtMethodErt="0" SrtMethodFix="0" SrtMethodNone="1"/>
<result ChkRExec="0" RElseHalt="0" RElseIgn="0" RElseJPAbend="0" RExecFlag="0" RExecute="" RRepMTimes="0" RRepOn="0" RRepWait="0" RWhen=""/>
<dynvalues>
<dyntree>
<node content="1" id="VALUE" name="Variables" parent="" type="TASKVALUE">
<VALUE state="2">
<Values/>
<Mode>0</Mode>
</VALUE>
</node>
<node content="1" id="PVALUE" name="Parent Variables" parent="" type="TASKVALUE">
<VALUE state="2">
<Values>
<row ERTUsage="0" Mod="0" Name="&amp;AGENT#" Value="EXT:agent"/>
<row ERTUsage="0" Mod="0" Name="&amp;ARTIFACT_INSTANCE_ID#" Value="EXT:@artifact/system/id"/>
<row ERTUsage="0" Mod="0" Name="&amp;DB_ADD_PROP#" Value=""/>
<row ERTUsage="0" Mod="0" Name="&amp;DB_CONN_INTRVL#" Value="10"/>
<row ERTUsage="0" Mod="0" Name="&amp;DB_CONN_RETRY#" Value="5"/>
<row ERTUsage="0" Mod="0" Name="&amp;DB_DRIVER_CLASS#" Value="EXT:/database/jdbc/driver_class"/>
<row ERTUsage="0" Mod="0" Name="&amp;DB_DRIVER_JAR#" Value="EXT:/database/jdbc/driver_jar"/>
<row ERTUsage="0" Mod="0" Name="&amp;DB_JDBC_CONN#" Value="EXT:/database/jdbc/connection_string"/>
<row ERTUsage="0" Mod="0" Name="&amp;DB_PASSWORD#" Value="EXT:/database/security/password"/>
<row ERTUsage="0" Mod="0" Name="&amp;DB_SCRIPT_SEPR#" Value=";"/>
<row ERTUsage="0" Mod="0" Name="&amp;DB_TNSNAMES_ORA#" Value=""/>
<row ERTUsage="0" Mod="0" Name="&amp;DB_USERNAME#" Value="EXT:/database/security/username"/>
<row ERTUsage="0" Mod="0" Name="&amp;FF_OUT_COUNT#" Value="0"/>
<row ERTUsage="0" Mod="0" Name="&amp;FF_SEARCH_RESULT#" Value=""/>
<row ERTUsage="0" Mod="0" Name="&amp;LOGIN#" Value="EXT:@global/login"/>
<row ERTUsage="0" Mod="0" Name="&amp;OVERWRITE_AGENT#" Value="EXT:/agent_assignment/agent"/>
<row ERTUsage="0" Mod="0" Name="&amp;OVERWRITE_LOGIN#" Value="EXT:/agent_assignment/login"/>
<row ERTUsage="0" Mod="0" Name="&amp;SUDO_PASSWORD#" Value=""/>
<row ERTUsage="0" Mod="0" Name="&amp;SUDO_USE#" Value="None"/>
<row ERTUsage="0" Mod="0" Name="&amp;SUDO_USER#" Value=""/>
<row ERTUsage="0" Mod="0" Name="&amp;TARGET_ID#" Value="EXT:@target/system/id"/>
</Values>
<Mode>0</Mode>
</VALUE>
</node>
<node content="1" id="PRPTS" name="PromptSets" parent="" pref="1" type="PROMPTSET"/>
<node content="0" id="PPRPTS" name="Parent PromptSets" parent="" type="PPROMPTSET"/>
<node content="1" id="PCK.AUTOMIC_FILESYSTEM.PRV.PROMPTSET.COPY" name="PCK.AUTOMIC_FILESYSTEM.PRV.PROMPTSET.COPY" parent="PRPTS" type="PROMPTSET">
<PROMPTSET name="PCK.AUTOMIC_FILESYSTEM.PRV.PROMPTSET.COPY">
<PRPTBOX promptset="PCK.AUTOMIC_FILESYSTEM.PRV.PROMPTSET.COPY">
<UC4RB_COPY_EXCLUDEs.00 ReadFromTable="JPPV" altview="0" haslist="0" msginsert="" msgnr="" promptname="UC4RB_COPY_EXCLUDE#" promptsetname="PCK.AUTOMIC_FILESYSTEM.PRV.PROMPTSET.COPY"/>
<UC4RB_DIR_FILE_CP_OVERWRITEs.00 ReadFromTable="JPPV" altview="0" haslist="0" msginsert="" msgnr="" promptname="UC4RB_DIR_FILE_CP_OVERWRITE#" promptsetname="PCK.AUTOMIC_FILESYSTEM.PRV.PROMPTSET.COPY">YES</UC4RB_DIR_FILE_CP_OVERWRITEs.00>
<UC4RB_DIR_FILE_CP_SOURCEs.00 ReadFromTable="JPPV" altview="1" haslist="0" msginsert="" msgnr="" promptname="UC4RB_DIR_FILE_CP_SOURCE#" promptsetname="PCK.AUTOMIC_FILESYSTEM.PRV.PROMPTSET.COPY">EXT:/staging/working_files_dirs</UC4RB_DIR_FILE_CP_SOURCEs.00>
<UC4RB_DIR_FILE_CP_TARGETs.00 ReadFromTable="JPPV" altview="1" haslist="0" msginsert="" msgnr="" promptname="UC4RB_DIR_FILE_CP_TARGET#" promptsetname="PCK.AUTOMIC_FILESYSTEM.PRV.PROMPTSET.COPY">EXT:/target/target_files_dirs</UC4RB_DIR_FILE_CP_TARGETs.00>
</PRPTBOX>
</PROMPTSET>
</node>
<node content="1" id="PCK.ITPA_SHARED.PRV.PROMPTSET.OVERWRITE_AGENT" name="PCK.ITPA_SHARED.PRV.PROMPTSET.OVERWRITE_AGENT" parent="PRPTS" type="PROMPTSET">
<PROMPTSET name="PCK.ITPA_SHARED.PRV.PROMPTSET.OVERWRITE_AGENT">
<PRPTBOX promptset="PCK.ITPA_SHARED.PRV.PROMPTSET.OVERWRITE_AGENT">
<AGENTs.00 ReadFromTable="JPPV" altview="1" haslist="0" msginsert="" msgnr="" promptname="AGENT#" promptsetname="PCK.ITPA_SHARED.PRV.PROMPTSET.OVERWRITE_AGENT">&amp;AGENT#</AGENTs.00>
<LOGINs.00 ReadFromTable="JPPV" altview="1" haslist="0" msginsert="" msgnr="" promptname="LOGIN#" promptsetname="PCK.ITPA_SHARED.PRV.PROMPTSET.OVERWRITE_AGENT">&amp;LOGIN#</LOGINs.00>
</PRPTBOX>
</PROMPTSET>
</node>
</dyntree>
</dynvalues>
<CIT/>
<calendars CCTypeAll="0" CCTypeExt="0" CCTypeNone="0" CCTypeOne="1" CaleOn="0"/>
<postconditions>
<PostCon>
<conditions id="CONDITIONS"/>
</PostCon>
</postconditions>
</task>
<task Alias="" BranchType="0" Col="2" Lnr="6" OType="JOBP" Object="PCK.AUTOMIC_BOND.PUB.ACTION.GET_ARTIFACT" ParentAlias="" ParentObject="" Row="2" Text2="">
<checkpoint RollbackFlag="0" RunPerPatch="0" RunPerTarget="0" TcpADays="0" TcpATime="00:00" TcpATimeTZ="" TcpExecute="" TcpOn="0" promptatgen="0" showprompt="0"/>
<after ActFlg="1" AtimOn="0" ErlstStDays="0" ErlstStTime="00:00" ErlstStTimeTZ="" HoldFlg="0"/>
<when ChkWhenExec="0" LtstEnd="0" LtstEndDays="0" LtstEndTime="00:00" LtstSt="0" LtstStDays="0" LtstStTime="00:00" LtstTimeTZ="" WCTypeAND="1" WCTypeOR="0" WElseA="0" WElseH="1" WElseS="0" WElseX="0" WhenExecute="" WtimOn="0"/>
<preconditions>
<PreCon>
<conditions id="CONDITIONS">
<condition active="1" id="USER DEFINED" once="0" type="C" uiinfo="">
<params>
<param altview="0" name="XC_P01" type="V" value="&amp;ARTIFACT_INSTANCE_ID#"/>
<param altview="0" name="XC_P02" type="V" value="&lt;&gt;"/>
<param altview="0" name="XC_P03" type="V" value="0"/>
</params>
<when active="1" id="USER DEFINED" once="0" type="W" uiinfo="">
<action active="1" id="RUN TASK" once="1" type="A" uiinfo="">
<params/>
</action>
</when>
<else active="1" id="USER DEFINED" once="0" type="E" uiinfo="">
<action active="1" id="SKIP TASK" once="1" type="A" uiinfo="">
<params>
<param altview="0" name="XC_P01" type="V" value="No Artifact Instance set"/>
</params>
</action>
</else>
</condition>
</conditions>
</PreCon>
</preconditions>
<predecessors>
<pre BranchType="0" Lnr="1" PreLnr="1" When="ANY_OK" type="container"/>
</predecessors>
<runtime MrtCancel="0" MrtDays="0" MrtErt="0" MrtExecute="0" MrtExecuteObj="" MrtFix="0" MrtMethodDate="0" MrtMethodErt="0" MrtMethodFix="0" MrtMethodNone="1" MrtOn="1" MrtTZ="" MrtTime="00:00" SrtErt="0" SrtFix="0" SrtMethodErt="0" SrtMethodFix="0" SrtMethodNone="1"/>
<result ChkRExec="0" RElseHalt="0" RElseIgn="0" RElseJPAbend="0" RExecFlag="0" RExecute="" RRepMTimes="0" RRepOn="0" RRepWait="0" RWhen=""/>
<dynvalues>
<dyntree>
<node content="1" id="VALUE" name="Variables" parent="" type="TASKVALUE">
<VALUE state="2">
<Values>
<row ERTUsage="0" Mod="0" Name="&amp;UC4RB_ARTIFACT_DIR#" Value=""/>
<row ERTUsage="0" Mod="0" Name="&amp;UC4RB_ARTIFACT_EXTRACTED_DIR#" Value="artifact_extracted_content"/>
<row ERTUsage="0" Mod="0" Name="&amp;UC4RB_ARTIFACT_ID#" Value="EXT:@artifact/system/id"/>
<row ERTUsage="0" Mod="0" Name="&amp;UC4RB_ARTIFACT_READY#" Value="NO"/>
<row ERTUsage="0" Mod="0" Name="&amp;UC4RB_ARTIFACT_VARA_NAME#" Value=""/>
<row ERTUsage="0" Mod="0" Name="&amp;UC4RB_COPY_SOURCE_DIR#" Value=""/>
<row ERTUsage="0" Mod="0" Name="&amp;UC4RB_COPY_SUCCESS#" Value="NO"/>
<row ERTUsage="0" Mod="0" Name="&amp;UC4RB_DOWNLOAD_SUCCESS#" Value="NO"/>
<row ERTUsage="0" Mod="0" Name="&amp;UC4RB_RUN_ID#" Value=""/>
<row ERTUsage="0" Mod="0" Name="&amp;UC4RB_USE_ARTIFACT#" Value="NO"/>
<row ERTUsage="0" Mod="0" Name="&amp;UC4RB_USE_STAGING#" Value="NO"/>
</Values>
<Mode>0</Mode>
</VALUE>
</node>
<node content="1" id="PVALUE" name="Parent Variables" parent="" type="TASKVALUE">
<VALUE state="2">
<Values>
<row ERTUsage="0" Mod="0" Name="&amp;AGENT#" Value="EXT:agent"/>
<row ERTUsage="0" Mod="0" Name="&amp;ARTIFACT_INSTANCE_ID#" Value="EXT:@artifact/system/id"/>
<row ERTUsage="0" Mod="0" Name="&amp;DB_ADD_PROP#" Value=""/>
<row ERTUsage="0" Mod="0" Name="&amp;DB_CONN_INTRVL#" Value="10"/>
<row ERTUsage="0" Mod="0" Name="&amp;DB_CONN_RETRY#" Value="5"/>
<row ERTUsage="0" Mod="0" Name="&amp;DB_DRIVER_CLASS#" Value="EXT:/database/jdbc/driver_class"/>
<row ERTUsage="0" Mod="0" Name="&amp;DB_DRIVER_JAR#" Value="EXT:/database/jdbc/driver_jar"/>
<row ERTUsage="0" Mod="0" Name="&amp;DB_JDBC_CONN#" Value="EXT:/database/jdbc/connection_string"/>
<row ERTUsage="0" Mod="0" Name="&amp;DB_PASSWORD#" Value="EXT:/database/security/password"/>
<row ERTUsage="0" Mod="0" Name="&amp;DB_SCRIPT_SEPR#" Value=";"/>
<row ERTUsage="0" Mod="0" Name="&amp;DB_TNSNAMES_ORA#" Value=""/>
<row ERTUsage="0" Mod="0" Name="&amp;DB_USERNAME#" Value="EXT:/database/security/username"/>
<row ERTUsage="0" Mod="0" Name="&amp;FF_OUT_COUNT#" Value="0"/>
<row ERTUsage="0" Mod="0" Name="&amp;FF_SEARCH_RESULT#" Value=""/>
<row ERTUsage="0" Mod="0" Name="&amp;LOGIN#" Value="EXT:@global/login"/>
<row ERTUsage="0" Mod="0" Name="&amp;OVERWRITE_AGENT#" Value="EXT:/agent_assignment/agent"/>
<row ERTUsage="0" Mod="0" Name="&amp;OVERWRITE_LOGIN#" Value="EXT:/agent_assignment/login"/>
<row ERTUsage="0" Mod="0" Name="&amp;SUDO_PASSWORD#" Value=""/>
<row ERTUsage="0" Mod="0" Name="&amp;SUDO_USE#" Value="None"/>
<row ERTUsage="0" Mod="0" Name="&amp;SUDO_USER#" Value=""/>
<row ERTUsage="0" Mod="0" Name="&amp;TARGET_ID#" Value="EXT:@target/system/id"/>
</Values>
<Mode>0</Mode>
</VALUE>
</node>
<node content="1" id="PRPTS" name="PromptSets" parent="" pref="1" type="PROMPTSET"/>
<node content="0" id="PPRPTS" name="Parent PromptSets" parent="" type="PPROMPTSET"/>
<node content="1" id="PCK.AUTOMIC_BOND.PRV.PROMPTSET.GET_ARTIFACT.FILTER" name="PCK.AUTOMIC_BOND.PRV.PROMPTSET.GET_ARTIFACT.FILTER" parent="PRPTS" type="PROMPTSET">
<PROMPTSET name="PCK.AUTOMIC_BOND.PRV.PROMPTSET.GET_ARTIFACT.FILTER">
<PRPTBOX promptset="PCK.AUTOMIC_BOND.PRV.PROMPTSET.GET_ARTIFACT.FILTER">
<UC4RB_COPY_CASE_SENSITIVEs.00 ReadFromTable="JPPV" altview="0" haslist="0" msginsert="" msgnr="" promptname="UC4RB_COPY_CASE_SENSITIVE#" promptsetname="PCK.AUTOMIC_BOND.PRV.PROMPTSET.GET_ARTIFACT.FILTER">NO</UC4RB_COPY_CASE_SENSITIVEs.00>
<UC4RB_COPY_CLEAN_TARGETs.00 ReadFromTable="JPPV" altview="0" haslist="0" msginsert="" msgnr="" promptname="UC4RB_COPY_CLEAN_TARGET#" promptsetname="PCK.AUTOMIC_BOND.PRV.PROMPTSET.GET_ARTIFACT.FILTER">YES</UC4RB_COPY_CLEAN_TARGETs.00>
<UC4RB_COPY_DUPLICATE_STRATEGYs.00 ReadFromTable="JPPV" altview="0" haslist="0" msginsert="" msgnr="" promptname="UC4RB_COPY_DUPLICATE_STRATEGY#" promptsetname="PCK.AUTOMIC_BOND.PRV.PROMPTSET.GET_ARTIFACT.FILTER">SKIP</UC4RB_COPY_DUPLICATE_STRATEGYs.00>
<UC4RB_COPY_EXCLUDESs.00 ReadFromTable="JPPV" altview="0" haslist="0" msginsert="" msgnr="" promptname="UC4RB_COPY_EXCLUDES#" promptsetname="PCK.AUTOMIC_BOND.PRV.PROMPTSET.GET_ARTIFACT.FILTER"/>
<UC4RB_COPY_INCLUDESs.00 ReadFromTable="JPPV" altview="0" haslist="0" msginsert="" msgnr="" promptname="UC4RB_COPY_INCLUDES#" promptsetname="PCK.AUTOMIC_BOND.PRV.PROMPTSET.GET_ARTIFACT.FILTER"/>
<UC4RB_COPY_RENAME_PATTERNs.00 ReadFromTable="JPPV" altview="0" haslist="0" msginsert="" msgnr="" promptname="UC4RB_COPY_RENAME_PATTERN#" promptsetname="PCK.AUTOMIC_BOND.PRV.PROMPTSET.GET_ARTIFACT.FILTER"/>
<UC4RB_COPY_RENAME_REPLACEMENTs.00 ReadFromTable="JPPV" altview="0" haslist="0" msginsert="" msgnr="" promptname="UC4RB_COPY_RENAME_REPLACEMENT#" promptsetname="PCK.AUTOMIC_BOND.PRV.PROMPTSET.GET_ARTIFACT.FILTER"/>
</PRPTBOX>
</PROMPTSET>
</node>
<node content="1" id="PCK.AUTOMIC_BOND.PRV.PROMPTSET.GET_ARTIFACT.DOWNLOAD_ARTIFACT" name="PCK.AUTOMIC_BOND.PRV.PROMPTSET.GET_ARTIFACT.DOWNLOAD_ARTIFACT" parent="PRPTS" type="PROMPTSET">
<PROMPTSET name="PCK.AUTOMIC_BOND.PRV.PROMPTSET.GET_ARTIFACT.DOWNLOAD_ARTIFACT">
<PRPTBOX promptset="PCK.AUTOMIC_BOND.PRV.PROMPTSET.GET_ARTIFACT.DOWNLOAD_ARTIFACT">
<UC4RB_ARCHIVE_TYPEs.00 ReadFromTable="JPPV" altview="1" haslist="0" msginsert="" msgnr="" promptname="UC4RB_ARCHIVE_TYPE#" promptsetname="PCK.AUTOMIC_BOND.PRV.PROMPTSET.GET_ARTIFACT.DOWNLOAD_ARTIFACT">EXT:@artifact/custom/archive_type</UC4RB_ARCHIVE_TYPEs.00>
<UC4RB_ARTIFACT_BASE_DIRs.00 ReadFromTable="JPPV" altview="1" haslist="0" msginsert="" msgnr="" promptname="UC4RB_ARTIFACT_BASE_DIR#" promptsetname="PCK.AUTOMIC_BOND.PRV.PROMPTSET.GET_ARTIFACT.DOWNLOAD_ARTIFACT">EXT:@target/custom/staging_base_directory</UC4RB_ARTIFACT_BASE_DIRs.00>
<UC4RB_CHECKSUM_OPTIONs.00 ReadFromTable="JPPV" altview="0" haslist="0" msginsert="" msgnr="" promptname="UC4RB_CHECKSUM_OPTION#" promptsetname="PCK.AUTOMIC_BOND.PRV.PROMPTSET.GET_ARTIFACT.DOWNLOAD_ARTIFACT">SKIP_IF_NOT_EXIST</UC4RB_CHECKSUM_OPTIONs.00>
<UC4RB_COPY_TARGET_DIRs.00 ReadFromTable="JPPV" altview="1" haslist="0" msginsert="" msgnr="" promptname="UC4RB_COPY_TARGET_DIR#" promptsetname="PCK.AUTOMIC_BOND.PRV.PROMPTSET.GET_ARTIFACT.DOWNLOAD_ARTIFACT">EXT:/target/target_files_dirs</UC4RB_COPY_TARGET_DIRs.00>
<UC4RB_DOWNLOAD_TIMEOUTs.00 ReadFromTable="JPPV" altview="0" haslist="0" msginsert="" msgnr="" promptname="UC4RB_DOWNLOAD_TIMEOUT#" promptsetname="PCK.AUTOMIC_BOND.PRV.PROMPTSET.GET_ARTIFACT.DOWNLOAD_ARTIFACT">3600</UC4RB_DOWNLOAD_TIMEOUTs.00>
<UC4RB_ENABLE_STAGINGs.00 ReadFromTable="JPPV" altview="0" haslist="0" msginsert="" msgnr="" promptname="UC4RB_ENABLE_STAGING#" promptsetname="PCK.AUTOMIC_BOND.PRV.PROMPTSET.GET_ARTIFACT.DOWNLOAD_ARTIFACT">YES</UC4RB_ENABLE_STAGINGs.00>
<UC4RB_FORCE_DOWNLOADs.00 ReadFromTable="JPPV" altview="0" haslist="0" msginsert="" msgnr="" promptname="UC4RB_FORCE_DOWNLOAD#" promptsetname="PCK.AUTOMIC_BOND.PRV.PROMPTSET.GET_ARTIFACT.DOWNLOAD_ARTIFACT">YES</UC4RB_FORCE_DOWNLOADs.00>
<UC4RB_MAX_ARTIFACTSs.00 ReadFromTable="JPPV" altview="0" haslist="0" msginsert="" msgnr="" promptname="UC4RB_MAX_ARTIFACTS#" promptsetname="PCK.AUTOMIC_BOND.PRV.PROMPTSET.GET_ARTIFACT.DOWNLOAD_ARTIFACT">30</UC4RB_MAX_ARTIFACTSs.00>
<UC4RB_STAGING_AGENTs.00 ReadFromTable="JPPV" altview="1" haslist="0" msginsert="" msgnr="" promptname="UC4RB_STAGING_AGENT#" promptsetname="PCK.AUTOMIC_BOND.PRV.PROMPTSET.GET_ARTIFACT.DOWNLOAD_ARTIFACT">EXT:@target/custom/staging_remote_agent</UC4RB_STAGING_AGENTs.00>
<UC4RB_STAGING_LOGINs.00 ReadFromTable="JPPV" altview="1" haslist="0" msginsert="" msgnr="" promptname="UC4RB_STAGING_LOGIN#" promptsetname="PCK.AUTOMIC_BOND.PRV.PROMPTSET.GET_ARTIFACT.DOWNLOAD_ARTIFACT">&amp;LOGIN#</UC4RB_STAGING_LOGINs.00>
<UC4RB_STAGING_REMOTE_BASE_DIRs.00 ReadFromTable="JPPV" altview="1" haslist="0" msginsert="" msgnr="" promptname="UC4RB_STAGING_REMOTE_BASE_DIR#" promptsetname="PCK.AUTOMIC_BOND.PRV.PROMPTSET.GET_ARTIFACT.DOWNLOAD_ARTIFACT">EXT:@target/custom/staging_remote_directory</UC4RB_STAGING_REMOTE_BASE_DIRs.00>
</PRPTBOX>
</PROMPTSET>
</node>
<node content="1" id="PCK.ITPA_SHARED.PRV.PROMPTSET.OVERWRITE_AGENT" name="PCK.ITPA_SHARED.PRV.PROMPTSET.OVERWRITE_AGENT" parent="PRPTS" type="PROMPTSET">
<PROMPTSET name="PCK.ITPA_SHARED.PRV.PROMPTSET.OVERWRITE_AGENT">
<PRPTBOX promptset="PCK.ITPA_SHARED.PRV.PROMPTSET.OVERWRITE_AGENT">
<AGENTs.00 ReadFromTable="JPPV" altview="1" haslist="0" msginsert="" msgnr="" promptname="AGENT#" promptsetname="PCK.ITPA_SHARED.PRV.PROMPTSET.OVERWRITE_AGENT">&amp;AGENT#</AGENTs.00>
<LOGINs.00 ReadFromTable="JPPV" altview="1" haslist="0" msginsert="" msgnr="" promptname="LOGIN#" promptsetname="PCK.ITPA_SHARED.PRV.PROMPTSET.OVERWRITE_AGENT">&amp;LOGIN#</LOGINs.00>
</PRPTBOX>
</PROMPTSET>
</node>
<node content="1" id="PCK.ITPA_SHARED.PUB.PROMPTSET.SUDO" name="PCK.ITPA_SHARED.PUB.PROMPTSET.SUDO" parent="PRPTS" type="PROMPTSET">
<PROMPTSET name="PCK.ITPA_SHARED.PUB.PROMPTSET.SUDO">
<PRPTBOX promptset="PCK.ITPA_SHARED.PUB.PROMPTSET.SUDO">
<UC4RB_SUDO_PASSWORDs.00 ReadFromTable="OPUD" altview="0" haslist="0" msginsert="" msgnr="" promptname="UC4RB_SUDO_PASSWORD#" promptsetname="PCK.ITPA_SHARED.PUB.PROMPTSET.SUDO">--10</UC4RB_SUDO_PASSWORDs.00>
<UC4RB_SUDO_USERs.00 ReadFromTable="OPSE" altview="0" haslist="0" msginsert="" msgnr="" promptname="UC4RB_SUDO_USER#" promptsetname="PCK.ITPA_SHARED.PUB.PROMPTSET.SUDO"/>
<UC4RB_USE_SUDOs.00 ReadFromTable="OPSE" altview="0" haslist="0" msginsert="" msgnr="" promptname="UC4RB_USE_SUDO#" promptsetname="PCK.ITPA_SHARED.PUB.PROMPTSET.SUDO">None</UC4RB_USE_SUDOs.00>
</PRPTBOX>
</PROMPTSET>
</node>
</dyntree>
</dynvalues>
<CIT/>
<calendars CCTypeAll="0" CCTypeExt="0" CCTypeNone="0" CCTypeOne="1" CaleOn="0"/>
<postconditions>
<PostCon>
<conditions id="CONDITIONS"/>
</PostCon>
</postconditions>
</task>
<task Alias="" BranchType="0" Col="6" Lnr="7" OType="JOBP" Object="PCK.AUTOMIC_MSSQL.PUB.ACTION.CREATE_DB" ParentAlias="" ParentObject="" Row="2" Text2="">
<checkpoint RollbackFlag="0" RunPerPatch="0" RunPerTarget="0" TcpADays="0" TcpATime="00:00" TcpATimeTZ="" TcpExecute="" TcpOn="0" promptatgen="0" showprompt="0"/>
<after ActFlg="1" AtimOn="0" ErlstStDays="0" ErlstStTime="00:00" ErlstStTimeTZ="" HoldFlg="0"/>
<when ChkWhenExec="0" LtstEnd="0" LtstEndDays="0" LtstEndTime="00:00" LtstSt="0" LtstStDays="0" LtstStTime="00:00" LtstTimeTZ="" WCTypeAND="1" WCTypeOR="0" WElseA="0" WElseH="1" WElseS="0" WElseX="0" WhenExecute="" WtimOn="0"/>
<preconditions>
<PreCon>
<conditions id="CONDITIONS"/>
</PreCon>
</preconditions>
<predecessors>
<pre BranchType="0" Lnr="1" PreLnr="5" When="ANY_OK" type="container"/>
<pre BranchType="0" Lnr="2" PreLnr="6" When="ANY_OK" type="container"/>
</predecessors>
<runtime MrtCancel="0" MrtDays="0" MrtErt="0" MrtExecute="0" MrtExecuteObj="" MrtFix="0" MrtMethodDate="0" MrtMethodErt="0" MrtMethodFix="0" MrtMethodNone="1" MrtOn="1" MrtTZ="" MrtTime="00:00" SrtErt="0" SrtFix="0" SrtMethodErt="0" SrtMethodFix="0" SrtMethodNone="1"/>
<result ChkRExec="0" RElseHalt="0" RElseIgn="0" RElseJPAbend="0" RExecFlag="0" RExecute="" RRepMTimes="0" RRepOn="0" RRepWait="0" RWhen=""/>
<dynvalues>
<dyntree>
<node content="1" id="VALUE" name="Variables" parent="" type="TASKVALUE">
<VALUE state="2">
<Values/>
<Mode>0</Mode>
</VALUE>
</node>
<node content="1" id="PVALUE" name="Parent Variables" parent="" type="TASKVALUE">
<VALUE state="2">
<Values>
<row ERTUsage="0" Mod="0" Name="&amp;AGENT#" Value="EXT:agent"/>
<row ERTUsage="0" Mod="0" Name="&amp;ARTIFACT_INSTANCE_ID#" Value="EXT:@artifact/system/id"/>
<row ERTUsage="0" Mod="0" Name="&amp;DB_ADD_PROP#" Value=""/>
<row ERTUsage="0" Mod="0" Name="&amp;DB_CONN_INTRVL#" Value="10"/>
<row ERTUsage="0" Mod="0" Name="&amp;DB_CONN_RETRY#" Value="5"/>
<row ERTUsage="0" Mod="0" Name="&amp;DB_DRIVER_CLASS#" Value="EXT:/database/jdbc/driver_class"/>
<row ERTUsage="0" Mod="0" Name="&amp;DB_DRIVER_JAR#" Value="EXT:/database/jdbc/driver_jar"/>
<row ERTUsage="0" Mod="0" Name="&amp;DB_JDBC_CONN#" Value="EXT:/database/jdbc/connection_string"/>
<row ERTUsage="0" Mod="0" Name="&amp;DB_PASSWORD#" Value="EXT:/database/security/password"/>
<row ERTUsage="0" Mod="0" Name="&amp;DB_SCRIPT_SEPR#" Value=";"/>
<row ERTUsage="0" Mod="0" Name="&amp;DB_TNSNAMES_ORA#" Value=""/>
<row ERTUsage="0" Mod="0" Name="&amp;DB_USERNAME#" Value="EXT:/database/security/username"/>
<row ERTUsage="0" Mod="0" Name="&amp;FF_OUT_COUNT#" Value="0"/>
<row ERTUsage="0" Mod="0" Name="&amp;FF_SEARCH_RESULT#" Value=""/>
<row ERTUsage="0" Mod="0" Name="&amp;LOGIN#" Value="EXT:@global/login"/>
<row ERTUsage="0" Mod="0" Name="&amp;OVERWRITE_AGENT#" Value="EXT:/agent_assignment/agent"/>
<row ERTUsage="0" Mod="0" Name="&amp;OVERWRITE_LOGIN#" Value="EXT:/agent_assignment/login"/>
<row ERTUsage="0" Mod="0" Name="&amp;SUDO_PASSWORD#" Value=""/>
<row ERTUsage="0" Mod="0" Name="&amp;SUDO_USE#" Value="None"/>
<row ERTUsage="0" Mod="0" Name="&amp;SUDO_USER#" Value=""/>
<row ERTUsage="0" Mod="0" Name="&amp;TARGET_ID#" Value="EXT:@target/system/id"/>
</Values>
<Mode>0</Mode>
</VALUE>
</node>
<node content="1" id="PRPTS" name="PromptSets" parent="" pref="1" type="PROMPTSET"/>
<node content="0" id="PPRPTS" name="Parent PromptSets" parent="" type="PPROMPTSET"/>
<node content="1" id="PCK.AUTOMIC_MSSQL.PRV.PROMPTSET.CREATE_DB" name="PCK.AUTOMIC_MSSQL.PRV.PROMPTSET.CREATE_DB" parent="PRPTS" type="PROMPTSET">
<PROMPTSET name="PCK.AUTOMIC_MSSQL.PRV.PROMPTSET.CREATE_DB">
<PRPTBOX promptset="PCK.AUTOMIC_MSSQL.PRV.PROMPTSET.CREATE_DB">
<UC4RB_DB_CONN_INTRVLs.00 ReadFromTable="JPPV" altview="0" haslist="0" msginsert="" msgnr="" promptname="UC4RB_DB_CONN_INTRVL#" promptsetname="PCK.AUTOMIC_MSSQL.PRV.PROMPTSET.CREATE_DB">10</UC4RB_DB_CONN_INTRVLs.00>
<UC4RB_DB_CONN_RETRYs.00 ReadFromTable="JPPV" altview="0" haslist="0" msginsert="" msgnr="" promptname="UC4RB_DB_CONN_RETRY#" promptsetname="PCK.AUTOMIC_MSSQL.PRV.PROMPTSET.CREATE_DB">5</UC4RB_DB_CONN_RETRYs.00>
<UC4RB_DB_CREATE_DB_NAMEs.00 ReadFromTable="JPPV" altview="1" haslist="0" msginsert="" msgnr="" promptname="UC4RB_DB_CREATE_DB_NAME#" promptsetname="PCK.AUTOMIC_MSSQL.PRV.PROMPTSET.CREATE_DB">EXT:/mssql/name/database_name</UC4RB_DB_CREATE_DB_NAMEs.00>
<UC4RB_DB_DBCHAINING_ONs.00 ReadFromTable="JPPV" altview="0" haslist="0" msginsert="" msgnr="" promptname="UC4RB_DB_DBCHAINING_ON#" promptsetname="PCK.AUTOMIC_MSSQL.PRV.PROMPTSET.CREATE_DB">OFF</UC4RB_DB_DBCHAINING_ONs.00>
<UC4RB_DB_DRIVER_CLASSs.00 ReadFromTable="JPPV" altview="1" haslist="0" msginsert="" msgnr="" promptname="UC4RB_DB_DRIVER_CLASS#" promptsetname="PCK.AUTOMIC_MSSQL.PRV.PROMPTSET.CREATE_DB">EXT:/database/jdbc/driver_class</UC4RB_DB_DRIVER_CLASSs.00>
<UC4RB_DB_DRIVER_JARs.00 ReadFromTable="JPPV" altview="1" haslist="0" msginsert="" msgnr="" promptname="UC4RB_DB_DRIVER_JAR#" promptsetname="PCK.AUTOMIC_MSSQL.PRV.PROMPTSET.CREATE_DB">EXT:/database/jdbc/driver_jar</UC4RB_DB_DRIVER_JARs.00>
<UC4RB_DB_FAIL_IF_DB_EXISTSs.00 ReadFromTable="JPPV" altview="0" haslist="0" msginsert="" msgnr="" promptname="UC4RB_DB_FAIL_IF_DB_EXISTS#" promptsetname="PCK.AUTOMIC_MSSQL.PRV.PROMPTSET.CREATE_DB">NO</UC4RB_DB_FAIL_IF_DB_EXISTSs.00>
<UC4RB_DB_FILE_SPECs.00 ReadFromTable="JPPV" altview="1" haslist="0" msginsert="" msgnr="" promptname="UC4RB_DB_FILE_SPEC#" promptsetname="PCK.AUTOMIC_MSSQL.PRV.PROMPTSET.CREATE_DB">EXT:/mssql/spec/file_spec</UC4RB_DB_FILE_SPECs.00>
<UC4RB_DB_FILEGROUP_SPECs.00 ReadFromTable="JPPV" altview="1" haslist="0" msginsert="" msgnr="" promptname="UC4RB_DB_FILEGROUP_SPEC#" promptsetname="PCK.AUTOMIC_MSSQL.PRV.PROMPTSET.CREATE_DB">EXT:/mssql/spec/filegroup_spec</UC4RB_DB_FILEGROUP_SPECs.00>
<UC4RB_DB_JDBC_CONNs.00 ReadFromTable="JPPV" altview="1" haslist="0" msginsert="" msgnr="" promptname="UC4RB_DB_JDBC_CONN#" promptsetname="PCK.AUTOMIC_MSSQL.PRV.PROMPTSET.CREATE_DB">EXT:/database/jdbc/connection_string</UC4RB_DB_JDBC_CONNs.00>
<UC4RB_DB_LOG_ON_FILE_SPECs.00 ReadFromTable="JPPV" altview="1" haslist="0" msginsert="" msgnr="" promptname="UC4RB_DB_LOG_ON_FILE_SPEC#" promptsetname="PCK.AUTOMIC_MSSQL.PRV.PROMPTSET.CREATE_DB">EXT:/mssql/spec/log_spec</UC4RB_DB_LOG_ON_FILE_SPECs.00>
<UC4RB_DB_PASSWORDs.00 ReadFromTable="JPPV" altview="1" haslist="0" msginsert="" msgnr="" promptname="UC4RB_DB_PASSWORD#" promptsetname="PCK.AUTOMIC_MSSQL.PRV.PROMPTSET.CREATE_DB">EXT:/database/security/password</UC4RB_DB_PASSWORDs.00>
<UC4RB_DB_TRUSTWORTHY_ONs.00 ReadFromTable="JPPV" altview="0" haslist="0" msginsert="" msgnr="" promptname="UC4RB_DB_TRUSTWORTHY_ON#" promptsetname="PCK.AUTOMIC_MSSQL.PRV.PROMPTSET.CREATE_DB">OFF</UC4RB_DB_TRUSTWORTHY_ONs.00>
<UC4RB_DB_USERNAMEs.00 ReadFromTable="JPPV" altview="1" haslist="0" msginsert="" msgnr="" promptname="UC4RB_DB_USERNAME#" promptsetname="PCK.AUTOMIC_MSSQL.PRV.PROMPTSET.CREATE_DB">EXT:/database/security/username</UC4RB_DB_USERNAMEs.00>
</PRPTBOX>
</PROMPTSET>
</node>
<node content="1" id="PCK.ITPA_SHARED.PRV.PROMPTSET.OVERWRITE_AGENT" name="PCK.ITPA_SHARED.PRV.PROMPTSET.OVERWRITE_AGENT" parent="PRPTS" type="PROMPTSET">
<PROMPTSET name="PCK.ITPA_SHARED.PRV.PROMPTSET.OVERWRITE_AGENT">
<PRPTBOX promptset="PCK.ITPA_SHARED.PRV.PROMPTSET.OVERWRITE_AGENT">
<AGENTs.00 ReadFromTable="JPPV" altview="1" haslist="0" msginsert="" msgnr="" promptname="AGENT#" promptsetname="PCK.ITPA_SHARED.PRV.PROMPTSET.OVERWRITE_AGENT">&amp;AGENT#</AGENTs.00>
<LOGINs.00 ReadFromTable="JPPV" altview="1" haslist="0" msginsert="" msgnr="" promptname="LOGIN#" promptsetname="PCK.ITPA_SHARED.PRV.PROMPTSET.OVERWRITE_AGENT">&amp;LOGIN#</LOGINs.00>
</PRPTBOX>
</PROMPTSET>
</node>
</dyntree>
</dynvalues>
<CIT/>
<calendars CCTypeAll="0" CCTypeExt="0" CCTypeNone="0" CCTypeOne="1" CaleOn="0"/>
<postconditions>
<PostCon>
<conditions id="CONDITIONS"/>
</PostCon>
</postconditions>
</task>
<task Alias="" BranchType="0" Col="7" Lnr="8" OType="JOBP" Object="PCK.AUTOMIC_FILESYSTEM.PUB.ACTION.FIND" ParentAlias="" ParentObject="" Row="2" Text2="">
<checkpoint RollbackFlag="0" RunPerPatch="0" RunPerTarget="0" TcpADays="0" TcpATime="00:00" TcpATimeTZ="" TcpExecute="" TcpOn="0" promptatgen="0" showprompt="0"/>
<after ActFlg="1" AtimOn="0" ErlstStDays="0" ErlstStTime="00:00" ErlstStTimeTZ="" HoldFlg="0"/>
<when ChkWhenExec="0" LtstEnd="0" LtstEndDays="0" LtstEndTime="00:00" LtstSt="0" LtstStDays="0" LtstStTime="00:00" LtstTimeTZ="" WCTypeAND="1" WCTypeOR="0" WElseA="0" WElseH="1" WElseS="0" WElseX="0" WhenExecute="" WtimOn="0"/>
<preconditions>
<PreCon>
<conditions id="CONDITIONS"/>
</PreCon>
</preconditions>
<predecessors>
<pre BranchType="0" Lnr="1" PreLnr="7" When="ANY_OK" type="container"/>
</predecessors>
<runtime MrtCancel="0" MrtDays="0" MrtErt="0" MrtExecute="0" MrtExecuteObj="" MrtFix="0" MrtMethodDate="0" MrtMethodErt="0" MrtMethodFix="0" MrtMethodNone="1" MrtOn="1" MrtTZ="" MrtTime="00:00" SrtErt="0" SrtFix="0" SrtMethodErt="0" SrtMethodFix="0" SrtMethodNone="1"/>
<result ChkRExec="0" RElseHalt="0" RElseIgn="0" RElseJPAbend="0" RExecFlag="0" RExecute="" RRepMTimes="0" RRepOn="0" RRepWait="0" RWhen=""/>
<dynvalues>
<dyntree>
<node content="1" id="VALUE" name="Variables" parent="" type="TASKVALUE">
<VALUE state="2">
<Values>
<row ERTUsage="0" Mod="0" Name="&amp;UC4RB_OUT_COUNT#" Value=""/>
<row ERTUsage="0" Mod="0" Name="&amp;UC4RB_OUT_SEARCH_RESULT#" Value=""/>
</Values>
<Mode>0</Mode>
</VALUE>
</node>
<node content="1" id="PVALUE" name="Parent Variables" parent="" type="TASKVALUE">
<VALUE state="2">
<Values>
<row ERTUsage="0" Mod="0" Name="&amp;AGENT#" Value="EXT:agent"/>
<row ERTUsage="0" Mod="0" Name="&amp;ARTIFACT_INSTANCE_ID#" Value="EXT:@artifact/system/id"/>
<row ERTUsage="0" Mod="0" Name="&amp;DB_ADD_PROP#" Value=""/>
<row ERTUsage="0" Mod="0" Name="&amp;DB_CONN_INTRVL#" Value="10"/>
<row ERTUsage="0" Mod="0" Name="&amp;DB_CONN_RETRY#" Value="5"/>
<row ERTUsage="0" Mod="0" Name="&amp;DB_DRIVER_CLASS#" Value="EXT:/database/jdbc/driver_class"/>
<row ERTUsage="0" Mod="0" Name="&amp;DB_DRIVER_JAR#" Value="EXT:/database/jdbc/driver_jar"/>
<row ERTUsage="0" Mod="0" Name="&amp;DB_JDBC_CONN#" Value="EXT:/database/jdbc/connection_string"/>
<row ERTUsage="0" Mod="0" Name="&amp;DB_PASSWORD#" Value="EXT:/database/security/password"/>
<row ERTUsage="0" Mod="0" Name="&amp;DB_SCRIPT_SEPR#" Value=";"/>
<row ERTUsage="0" Mod="0" Name="&amp;DB_TNSNAMES_ORA#" Value=""/>
<row ERTUsage="0" Mod="0" Name="&amp;DB_USERNAME#" Value="EXT:/database/security/username"/>
<row ERTUsage="0" Mod="0" Name="&amp;FF_OUT_COUNT#" Value="0"/>
<row ERTUsage="0" Mod="0" Name="&amp;FF_SEARCH_RESULT#" Value=""/>
<row ERTUsage="0" Mod="0" Name="&amp;LOGIN#" Value="EXT:@global/login"/>
<row ERTUsage="0" Mod="0" Name="&amp;OVERWRITE_AGENT#" Value="EXT:/agent_assignment/agent"/>
<row ERTUsage="0" Mod="0" Name="&amp;OVERWRITE_LOGIN#" Value="EXT:/agent_assignment/login"/>
<row ERTUsage="0" Mod="0" Name="&amp;SUDO_PASSWORD#" Value=""/>
<row ERTUsage="0" Mod="0" Name="&amp;SUDO_USE#" Value="None"/>
<row ERTUsage="0" Mod="0" Name="&amp;SUDO_USER#" Value=""/>
<row ERTUsage="0" Mod="0" Name="&amp;TARGET_ID#" Value="EXT:@target/system/id"/>
</Values>
<Mode>0</Mode>
</VALUE>
</node>
<node content="1" id="PRPTS" name="PromptSets" parent="" pref="1" type="PROMPTSET"/>
<node content="0" id="PPRPTS" name="Parent PromptSets" parent="" type="PPROMPTSET"/>
<node content="1" id="PCK.AUTOMIC_FILESYSTEM.PRV.PROMPTSET.FIND" name="PCK.AUTOMIC_FILESYSTEM.PRV.PROMPTSET.FIND" parent="PRPTS" type="PROMPTSET">
<PROMPTSET name="PCK.AUTOMIC_FILESYSTEM.PRV.PROMPTSET.FIND">
<PRPTBOX promptset="PCK.AUTOMIC_FILESYSTEM.PRV.PROMPTSET.FIND">
<UC4RB_FAIL_IF_MISSINGs.00 ReadFromTable="JPPV" altview="0" haslist="0" msginsert="" msgnr="" promptname="UC4RB_FAIL_IF_MISSING#" promptsetname="PCK.AUTOMIC_FILESYSTEM.PRV.PROMPTSET.FIND">NO</UC4RB_FAIL_IF_MISSINGs.00>
<UC4RB_FILE_BASE_DIRs.00 ReadFromTable="JPPV" altview="1" haslist="0" msginsert="" msgnr="" promptname="UC4RB_FILE_BASE_DIR#" promptsetname="PCK.AUTOMIC_FILESYSTEM.PRV.PROMPTSET.FIND">EXT:/target/target_files_dirs</UC4RB_FILE_BASE_DIRs.00>
<UC4RB_FILE_EXCLUDEs.00 ReadFromTable="JPPV" altview="0" haslist="0" msginsert="" msgnr="" promptname="UC4RB_FILE_EXCLUDE#" promptsetname="PCK.AUTOMIC_FILESYSTEM.PRV.PROMPTSET.FIND"/>
<UC4RB_FILE_OUTPUTs.00 ReadFromTable="JPPV" altview="0" haslist="0" msginsert="" msgnr="" promptname="UC4RB_FILE_OUTPUT#" promptsetname="PCK.AUTOMIC_FILESYSTEM.PRV.PROMPTSET.FIND">ABSOLUTE PATH</UC4RB_FILE_OUTPUTs.00>
<UC4RB_FILE_RECURSIVEs.00 ReadFromTable="JPPV" altview="0" haslist="0" msginsert="" msgnr="" promptname="UC4RB_FILE_RECURSIVE#" promptsetname="PCK.AUTOMIC_FILESYSTEM.PRV.PROMPTSET.FIND">NO</UC4RB_FILE_RECURSIVEs.00>
<UC4RB_FILE_SEARCHs.00 ReadFromTable="JPPV" altview="0" haslist="0" msginsert="" msgnr="" promptname="UC4RB_FILE_SEARCH#" promptsetname="PCK.AUTOMIC_FILESYSTEM.PRV.PROMPTSET.FIND">*.sql</UC4RB_FILE_SEARCHs.00>
<UC4RB_FILE_TYPEs.00 ReadFromTable="JPPV" altview="0" haslist="0" msginsert="" msgnr="" promptname="UC4RB_FILE_TYPE#" promptsetname="PCK.AUTOMIC_FILESYSTEM.PRV.PROMPTSET.FIND">BOTH</UC4RB_FILE_TYPEs.00>
<UC4RB_IGNORE_CASEs.00 ReadFromTable="JPPV" altview="0" haslist="0" msginsert="" msgnr="" promptname="UC4RB_IGNORE_CASE#" promptsetname="PCK.AUTOMIC_FILESYSTEM.PRV.PROMPTSET.FIND">YES</UC4RB_IGNORE_CASEs.00>
</PRPTBOX>
</PROMPTSET>
</node>
<node content="1" id="PCK.ITPA_SHARED.PRV.PROMPTSET.OVERWRITE_AGENT" name="PCK.ITPA_SHARED.PRV.PROMPTSET.OVERWRITE_AGENT" parent="PRPTS" type="PROMPTSET">
<PROMPTSET name="PCK.ITPA_SHARED.PRV.PROMPTSET.OVERWRITE_AGENT">
<PRPTBOX promptset="PCK.ITPA_SHARED.PRV.PROMPTSET.OVERWRITE_AGENT">
<AGENTs.00 ReadFromTable="JPPV" altview="1" haslist="0" msginsert="" msgnr="" promptname="AGENT#" promptsetname="PCK.ITPA_SHARED.PRV.PROMPTSET.OVERWRITE_AGENT">&amp;AGENT#</AGENTs.00>
<LOGINs.00 ReadFromTable="JPPV" altview="1" haslist="0" msginsert="" msgnr="" promptname="LOGIN#" promptsetname="PCK.ITPA_SHARED.PRV.PROMPTSET.OVERWRITE_AGENT">&amp;LOGIN#</LOGINs.00>
</PRPTBOX>
</PROMPTSET>
</node>
</dyntree>
</dynvalues>
<CIT/>
<calendars CCTypeAll="0" CCTypeExt="0" CCTypeNone="0" CCTypeOne="1" CaleOn="0"/>
<postconditions>
<PostCon>
<conditions id="CONDITIONS">
<condition active="1" id="STATUS" once="0" type="C" uiinfo="">
<params>
<param altview="0" name="XC_P01" type="V" value="ANY_OK"/>
</params>
<when active="1" id="STATUS" once="0" type="W" uiinfo="">
<action active="1" id="SET VALUE" once="1" type="A" uiinfo="">
<params>
<param altview="1" name="XC_P01" type="V" value="FF_OUT_COUNT#"/>
<param altview="0" name="XC_P02" type="V" value="&amp;UC4RB_OUT_COUNT#"/>
<param altview="0" name="XC_P03" type="V" value="##911017"/>
</params>
</action>
<action active="1" id="SET VALUE" once="1" type="A" uiinfo="">
<params>
<param altview="1" name="XC_P01" type="V" value="FF_SEARCH_RESULT#"/>
<param altview="0" name="XC_P02" type="V" value="&amp;UC4RB_OUT_SEARCH_RESULT#"/>
<param altview="0" name="XC_P03" type="V" value="##911017"/>
</params>
</action>
</when>
</condition>
</conditions>
</PostCon>
</postconditions>
</task>
<task Alias="" BranchType="0" Col="8" Lnr="9" OType="JOBP" Object="PCK.AUTOMIC_TMPL_MSSQL.PRV.JOBP.INSTALL.EXECUTE_SCRIPTS" ParentAlias="" ParentObject="" Row="2" Text2="">
<checkpoint RollbackFlag="0" RunPerPatch="0" RunPerTarget="0" TcpADays="0" TcpATime="00:00" TcpATimeTZ="" TcpExecute="" TcpOn="0" promptatgen="1" showprompt="0"/>
<after ActFlg="1" AtimOn="0" ErlstStDays="0" ErlstStTime="00:00" ErlstStTimeTZ="" HoldFlg="0"/>
<when ChkWhenExec="0" LtstEnd="0" LtstEndDays="0" LtstEndTime="00:00" LtstSt="0" LtstStDays="0" LtstStTime="00:00" LtstTimeTZ="" WCTypeAND="1" WCTypeOR="0" WElseA="0" WElseH="1" WElseS="0" WElseX="0" WhenExecute="" WtimOn="0"/>
<preconditions>
<PreCon>
<conditions id="CONDITIONS"/>
</PreCon>
</preconditions>
<predecessors>
<pre BranchType="0" Lnr="1" PreLnr="8" When="" type="container"/>
</predecessors>
<runtime MrtCancel="0" MrtDays="0" MrtErt="0" MrtExecute="0" MrtExecuteObj="" MrtFix="0" MrtMethodDate="0" MrtMethodErt="0" MrtMethodFix="0" MrtMethodNone="1" MrtOn="1" MrtTZ="" MrtTime="00:00" SrtErt="0" SrtFix="0" SrtMethodErt="0" SrtMethodFix="0" SrtMethodNone="1"/>
<result ChkRExec="0" RElseHalt="0" RElseIgn="0" RElseJPAbend="0" RExecFlag="0" RExecute="" RRepMTimes="0" RRepOn="0" RRepWait="0" RWhen=""/>
<dynvalues>
<dyntree>
<node content="1" id="VALUE" name="Variables" parent="" type="TASKVALUE">
<VALUE state="2">
<Values/>
<Mode>0</Mode>
</VALUE>
</node>
<node content="1" id="PVALUE" name="Parent Variables" parent="" type="TASKVALUE">
<VALUE state="2">
<Values>
<row ERTUsage="0" Mod="0" Name="&amp;AGENT#" Value="EXT:agent"/>
<row ERTUsage="0" Mod="0" Name="&amp;ARTIFACT_INSTANCE_ID#" Value="EXT:@artifact/system/id"/>
<row ERTUsage="0" Mod="0" Name="&amp;DB_ADD_PROP#" Value=""/>
<row ERTUsage="0" Mod="0" Name="&amp;DB_CONN_INTRVL#" Value="10"/>
<row ERTUsage="0" Mod="0" Name="&amp;DB_CONN_RETRY#" Value="5"/>
<row ERTUsage="0" Mod="0" Name="&amp;DB_DRIVER_CLASS#" Value="EXT:/database/jdbc/driver_class"/>
<row ERTUsage="0" Mod="0" Name="&amp;DB_DRIVER_JAR#" Value="EXT:/database/jdbc/driver_jar"/>
<row ERTUsage="0" Mod="0" Name="&amp;DB_JDBC_CONN#" Value="EXT:/database/jdbc/connection_string"/>
<row ERTUsage="0" Mod="0" Name="&amp;DB_PASSWORD#" Value="EXT:/database/security/password"/>
<row ERTUsage="0" Mod="0" Name="&amp;DB_SCRIPT_SEPR#" Value=";"/>
<row ERTUsage="0" Mod="0" Name="&amp;DB_TNSNAMES_ORA#" Value=""/>
<row ERTUsage="0" Mod="0" Name="&amp;DB_USERNAME#" Value="EXT:/database/security/username"/>
<row ERTUsage="0" Mod="0" Name="&amp;FF_OUT_COUNT#" Value="0"/>
<row ERTUsage="0" Mod="0" Name="&amp;FF_SEARCH_RESULT#" Value=""/>
<row ERTUsage="0" Mod="0" Name="&amp;LOGIN#" Value="EXT:@global/login"/>
<row ERTUsage="0" Mod="0" Name="&amp;OVERWRITE_AGENT#" Value="EXT:/agent_assignment/agent"/>
<row ERTUsage="0" Mod="0" Name="&amp;OVERWRITE_LOGIN#" Value="EXT:/agent_assignment/login"/>
<row ERTUsage="0" Mod="0" Name="&amp;SUDO_PASSWORD#" Value=""/>
<row ERTUsage="0" Mod="0" Name="&amp;SUDO_USE#" Value="None"/>
<row ERTUsage="0" Mod="0" Name="&amp;SUDO_USER#" Value=""/>
<row ERTUsage="0" Mod="0" Name="&amp;TARGET_ID#" Value="EXT:@target/system/id"/>
</Values>
<Mode>0</Mode>
</VALUE>
</node>
<node content="1" id="PRPTS" name="PromptSets" parent="" pref="1" type="PROMPTSET"/>
<node content="0" id="PPRPTS" name="Parent PromptSets" parent="" type="PPROMPTSET"/>
</dyntree>
</dynvalues>
<CIT/>
<calendars CCTypeAll="0" CCTypeExt="0" CCTypeNone="0" CCTypeOne="1" CaleOn="0"/>
<postconditions>
<PostCon>
<conditions id="CONDITIONS"/>
</PostCon>
</postconditions>
</task>
<task Alias="" BranchType="0" Col="9" Lnr="10" OType="&lt;END&gt;" Object="END" ParentAlias="" ParentObject="" Row="2" Text2="">
<checkpoint RollbackFlag="0" RunPerPatch="0" RunPerTarget="0" TcpADays="0" TcpATime="00:00" TcpATimeTZ="" TcpExecute="" TcpOn="0" promptatgen="0" showprompt="0"/>
<after ActFlg="1" AtimOn="0" ErlstStDays="0" ErlstStTime="00:00" ErlstStTimeTZ="" HoldFlg="0"/>
<when ChkWhenExec="0" LtstEnd="0" LtstEndDays="0" LtstEndTime="00:00" LtstSt="0" LtstStDays="0" LtstStTime="00:00" LtstTimeTZ="" WCTypeAND="1" WCTypeOR="0" WElseA="1" WElseH="0" WElseS="0" WElseX="0" WhenExecute="" WtimOn="0"/>
<preconditions>
<PreCon>
<conditions id="CONDITIONS"/>
</PreCon>
</preconditions>
<predecessors>
<pre BranchType="0" Lnr="1" PreLnr="9" When="" type="container"/>
</predecessors>
<runtime MrtCancel="0" MrtDays="0" MrtErt="0" MrtExecute="0" MrtExecuteObj="" MrtFix="0" MrtMethodDate="0" MrtMethodErt="0" MrtMethodFix="0" MrtMethodNone="1" MrtOn="1" MrtTZ="" MrtTime="00:00" SrtErt="0" SrtFix="0" SrtMethodErt="0" SrtMethodFix="0" SrtMethodNone="1"/>
<result ChkRExec="0" RElseHalt="0" RElseIgn="0" RElseJPAbend="0" RExecFlag="0" RExecute="" RRepMTimes="0" RRepOn="0" RRepWait="0" RWhen=""/>
<dynvalues>
<dyntree/>
</dynvalues>
<CIT/>
<calendars CCTypeAll="0" CCTypeExt="0" CCTypeNone="0" CCTypeOne="1" CaleOn="0"/>
<postconditions>
<PostCon>
<conditions id="CONDITIONS"/>
</PostCon>
</postconditions>
</task>
<OPTIONS/>
</JobpStruct>
</JOBP>
<RUNTIME state="1">
<MaxRetCode>0</MaxRetCode>
<MrcExecute/>
<MrcElseE>0</MrcElseE>
<FcstStatus>0| |</FcstStatus>
<Ert>0</Ert>
<ErtMethodDef>1</ErtMethodDef>
<ErtMethodFix>0</ErtMethodFix>
<ErtFix>0</ErtFix>
<ErtDynMethod>2|Average</ErtDynMethod>
<ErtMethodDyn>0</ErtMethodDyn>
<ErtCnt>0</ErtCnt>
<ErtCorr>0</ErtCorr>
<ErtIgn>0</ErtIgn>
<ErtIgnFlg>0</ErtIgnFlg>
<ErtMinCnt>0</ErtMinCnt>
<MrtMethodNone>1</MrtMethodNone>
<MrtMethodFix>0</MrtMethodFix>
<MrtFix>0</MrtFix>
<MrtMethodErt>0</MrtMethodErt>
<MrtErt>0</MrtErt>
<MrtMethodDate>0</MrtMethodDate>
<MrtDays>0</MrtDays>
<MrtTime>00:00</MrtTime>
<MrtTZ/>
<SrtMethodNone>1</SrtMethodNone>
<SrtMethodFix>0</SrtMethodFix>
<SrtFix>0</SrtFix>
<SrtMethodErt>0</SrtMethodErt>
<SrtErt>0</SrtErt>
<MrtCancel>0</MrtCancel>
<MrtExecute>0</MrtExecute>
<MrtExecuteObj/>
</RUNTIME>
<DYNVALUES state="1">
<dyntree>
<node content="1" id="VALUE" name="Variables" parent="" type="VALUE">
<VALUE state="1">
<Values>
<row ERTUsage="0" Name="&amp;AGENT#" Value="EXT:agent"/>
<row ERTUsage="0" Name="&amp;ARTIFACT_INSTANCE_ID#" Value="EXT:@artifact/system/id"/>
<row ERTUsage="0" Name="&amp;DB_ADD_PROP#" Value=""/>
<row ERTUsage="0" Name="&amp;DB_CONN_INTRVL#" Value="10"/>
<row ERTUsage="0" Name="&amp;DB_CONN_RETRY#" Value="5"/>
<row ERTUsage="0" Name="&amp;DB_DRIVER_CLASS#" Value="EXT:/database/jdbc/driver_class"/>
<row ERTUsage="0" Name="&amp;DB_DRIVER_JAR#" Value="EXT:/database/jdbc/driver_jar"/>
<row ERTUsage="0" Name="&amp;DB_JDBC_CONN#" Value="EXT:/database/jdbc/connection_string"/>
<row ERTUsage="0" Name="&amp;DB_PASSWORD#" Value="EXT:/database/security/password"/>
<row ERTUsage="0" Name="&amp;DB_SCRIPT_SEPR#" Value=";"/>
<row ERTUsage="0" Name="&amp;DB_TNSNAMES_ORA#" Value=""/>
<row ERTUsage="0" Name="&amp;DB_USERNAME#" Value="EXT:/database/security/username"/>
<row ERTUsage="0" Name="&amp;FF_OUT_COUNT#" Value="0"/>
<row ERTUsage="0" Name="&amp;FF_SEARCH_RESULT#" Value=""/>
<row ERTUsage="0" Name="&amp;LOGIN#" Value="EXT:@global/login"/>
<row ERTUsage="0" Name="&amp;OVERWRITE_AGENT#" Value="EXT:/agent_assignment/agent"/>
<row ERTUsage="0" Name="&amp;OVERWRITE_LOGIN#" Value="EXT:/agent_assignment/login"/>
<row ERTUsage="0" Name="&amp;SUDO_PASSWORD#" Value=""/>
<row ERTUsage="0" Name="&amp;SUDO_USE#" Value="None"/>
<row ERTUsage="0" Name="&amp;SUDO_USER#" Value=""/>
<row ERTUsage="0" Name="&amp;TARGET_ID#" Value="EXT:@target/system/id"/>
</Values>
<Mode>0</Mode>
</VALUE>
</node>
</dyntree>
</DYNVALUES>
<DEPLOYMENT state="1">
<DeploymentFlag>1</DeploymentFlag>
<WFTypeA>0</WFTypeA>
<WFTypeC>1</WFTypeC>
<AppName>Template</AppName>
<WFName/>
<ComponentName>MSSQL</ComponentName>
</DEPLOYMENT>
<ROLLBACK state="1">
<RollbackFlag>0</RollbackFlag>
<CBackupObj/>
<CRollbackObj/>
<FBackupPath/>
<FDeleteBefore>0</FDeleteBefore>
<FInclSubDirs>0</FInclSubDirs>
</ROLLBACK>
<SCRIPT mode="1" state="1">
<MSCRI><![CDATA[:INCLUDE PCK.ITPA_SHARED.PRV.INCLUDE.SET_OS_FOR_COMPONENT_FLOW

:print Initial value of ARTIFACT_INSTANCE_ID# &ARTIFACT_INSTANCE_ID#

:SET &CHECK# = STR_STARTS_WITH(&ARTIFACT_INSTANCE_ID#,"EXT:")
:IF &CHECK# EQ "Y"
! Artifact Instance ID was not set by a Dynamic Property
:  pset &ARTIFACT_INSTANCE_ID# = 0
:endif

:print ARTIFACT_INSTANCE_ID# set to &ARTIFACT_INSTANCE_ID#
]]></MSCRI>
</SCRIPT>
<DOCU_Docu state="1" type="text">
<DOC><![CDATA[Template workflow to install an application on a IIS]]></DOC>
</DOCU_Docu>
</JOBP>
<JOBP AllowExternal="1" name="PCK.AUTOMIC_TMPL_MSSQL.PUB.TEMPLATE.UNINSTALL.MSSQL.DEFAULT">
<XHEADER state="1">
<Title>Template MSSQL Uninstall</Title>
<ArchiveKey1/>
<ArchiveKey2/>
<Active>1</Active>
<OH_SubType/>
<CustomAttributes KeyListID="0" dataRequestID="0"/>
</XHEADER>
<SYNCREF state="1">
<Syncs/>
</SYNCREF>
<ATTR_JOBP state="1">
<Queue>CLIENT_QUEUE</Queue>
<ChildQueue/>
<StartType/>
<ExtRepDef>1</ExtRepDef>
<ExtRepAll>0</ExtRepAll>
<ExtRepNone>0</ExtRepNone>
<IntAccount/>
<AutoDeactNo>1</AutoDeactNo>
<AutoDeact1ErrorFree>0</AutoDeact1ErrorFree>
<AutoDeactErrorFree>0</AutoDeactErrorFree>
<DeactWhen/>
<AutoDeactAlways>0</AutoDeactAlways>
<DeactDelay>0</DeactDelay>
<ActAtRun>1</ActAtRun>
<UC4Priority>0</UC4Priority>
<PassPriority>0</PassPriority>
<MaxParallel2>0</MaxParallel2>
<ReuseHG>1</ReuseHG>
<MpElse1>1</MpElse1>
<MpElse2>0</MpElse2>
<TZ/>
<RWhen/>
<RExecute/>
<JPA_SubType/>
</ATTR_JOBP>
<JOBP state="1">
<JobpStruct mode="design">
<task Alias="" BranchType="0" Col="1" Lnr="1" OType="&lt;START&gt;" Object="START" ParentAlias="" ParentObject="" Row="1" Text2="">
<checkpoint RollbackFlag="0" RunPerPatch="0" RunPerTarget="0" TcpADays="0" TcpATime="00:00" TcpATimeTZ="" TcpExecute="" TcpOn="0" promptatgen="0" showprompt="0"/>
<after ActFlg="1" AtimOn="0" ErlstStDays="0" ErlstStTime="00:00" ErlstStTimeTZ="" HoldFlg="0"/>
<when ChkWhenExec="0" LtstEnd="0" LtstEndDays="0" LtstEndTime="00:00" LtstSt="0" LtstStDays="0" LtstStTime="00:00" LtstTimeTZ="" WCTypeAND="1" WCTypeOR="0" WElseA="0" WElseH="0" WElseS="1" WElseX="0" WhenExecute="" WtimOn="0"/>
<preconditions>
<PreCon>
<conditions id="CONDITIONS"/>
</PreCon>
</preconditions>
<predecessors/>
<runtime MrtCancel="0" MrtDays="0" MrtErt="0" MrtExecute="0" MrtExecuteObj="" MrtFix="0" MrtMethodDate="0" MrtMethodErt="0" MrtMethodFix="0" MrtMethodNone="1" MrtOn="1" MrtTZ="" MrtTime="00:00" SrtErt="0" SrtFix="0" SrtMethodErt="0" SrtMethodFix="0" SrtMethodNone="1"/>
<result ChkRExec="0" RElseHalt="0" RElseIgn="0" RElseJPAbend="0" RExecFlag="0" RExecute="" RRepMTimes="0" RRepOn="0" RRepWait="0" RWhen=""/>
<dynvalues>
<dyntree/>
</dynvalues>
<CIT/>
<calendars CCTypeAll="0" CCTypeExt="0" CCTypeNone="0" CCTypeOne="1" CaleOn="0"/>
<postconditions>
<PostCon>
<conditions id="CONDITIONS"/>
</PostCon>
</postconditions>
</task>
<task Alias="" BranchType="0" Col="2" Lnr="2" OType="JOBP" Object="PCK.AUTOMIC_MSSQL.PUB.ACTION.DROP_DB" ParentAlias="" ParentObject="" Row="1" Text2="">
<checkpoint RollbackFlag="0" RunPerPatch="0" RunPerTarget="0" TcpADays="0" TcpATime="00:00" TcpATimeTZ="" TcpExecute="" TcpOn="0" promptatgen="0" showprompt="0"/>
<after ActFlg="1" AtimOn="0" ErlstStDays="0" ErlstStTime="00:00" ErlstStTimeTZ="" HoldFlg="0"/>
<when ChkWhenExec="0" LtstEnd="0" LtstEndDays="0" LtstEndTime="00:00" LtstSt="0" LtstStDays="0" LtstStTime="00:00" LtstTimeTZ="" WCTypeAND="1" WCTypeOR="0" WElseA="0" WElseH="1" WElseS="0" WElseX="0" WhenExecute="" WtimOn="0"/>
<preconditions>
<PreCon>
<conditions id="CONDITIONS"/>
</PreCon>
</preconditions>
<predecessors>
<pre BranchType="0" Lnr="1" PreLnr="1" When="ANY_OK" type="container"/>
</predecessors>
<runtime MrtCancel="0" MrtDays="0" MrtErt="0" MrtExecute="0" MrtExecuteObj="" MrtFix="0" MrtMethodDate="0" MrtMethodErt="0" MrtMethodFix="0" MrtMethodNone="1" MrtOn="1" MrtTZ="" MrtTime="00:00" SrtErt="0" SrtFix="0" SrtMethodErt="0" SrtMethodFix="0" SrtMethodNone="1"/>
<result ChkRExec="0" RElseHalt="0" RElseIgn="0" RElseJPAbend="0" RExecFlag="0" RExecute="" RRepMTimes="0" RRepOn="0" RRepWait="0" RWhen=""/>
<dynvalues>
<dyntree>
<node content="1" id="VALUE" name="Variables" parent="" type="TASKVALUE">
<VALUE state="2">
<Values/>
<Mode>0</Mode>
</VALUE>
</node>
<node content="1" id="PVALUE" name="Parent Variables" parent="" type="TASKVALUE">
<VALUE state="2">
<Values>
<row ERTUsage="0" Mod="0" Name="&amp;AGENT#" Value="EXT:agent"/>
<row ERTUsage="0" Mod="0" Name="&amp;LOGIN#" Value="EXT:@global/login"/>
<row ERTUsage="0" Mod="0" Name="&amp;OVERWRITE_AGENT#" Value="EXT:/agent_assignment/agent"/>
<row ERTUsage="0" Mod="0" Name="&amp;OVERWRITE_LOGIN#" Value="EXT:/agent_assignment/login"/>
<row ERTUsage="0" Mod="0" Name="&amp;TARGET_ID#" Value="EXT:@target/system/id"/>
</Values>
<Mode>0</Mode>
</VALUE>
</node>
<node content="1" id="PRPTS" name="PromptSets" parent="" pref="1" type="PROMPTSET"/>
<node content="0" id="PPRPTS" name="Parent PromptSets" parent="" type="PPROMPTSET"/>
<node content="1" id="PCK.AUTOMIC_MSSQL.PRV.PROMPTSET.DROP_DB" name="PCK.AUTOMIC_MSSQL.PRV.PROMPTSET.DROP_DB" parent="PRPTS" type="PROMPTSET">
<PROMPTSET name="PCK.AUTOMIC_MSSQL.PRV.PROMPTSET.DROP_DB">
<PRPTBOX promptset="PCK.AUTOMIC_MSSQL.PRV.PROMPTSET.DROP_DB">
<UC4RB_DB_CONN_INTRVLs.00 ReadFromTable="JPPV" altview="0" haslist="0" msginsert="" msgnr="" promptname="UC4RB_DB_CONN_INTRVL#" promptsetname="PCK.AUTOMIC_MSSQL.PRV.PROMPTSET.DROP_DB">10</UC4RB_DB_CONN_INTRVLs.00>
<UC4RB_DB_CONN_RETRYs.00 ReadFromTable="JPPV" altview="0" haslist="0" msginsert="" msgnr="" promptname="UC4RB_DB_CONN_RETRY#" promptsetname="PCK.AUTOMIC_MSSQL.PRV.PROMPTSET.DROP_DB">5</UC4RB_DB_CONN_RETRYs.00>
<UC4RB_DB_DRIVER_CLASSs.00 ReadFromTable="JPPV" altview="1" haslist="0" msginsert="" msgnr="" promptname="UC4RB_DB_DRIVER_CLASS#" promptsetname="PCK.AUTOMIC_MSSQL.PRV.PROMPTSET.DROP_DB">EXT:/database/jdbc/driver_class</UC4RB_DB_DRIVER_CLASSs.00>
<UC4RB_DB_DRIVER_JARs.00 ReadFromTable="JPPV" altview="1" haslist="0" msginsert="" msgnr="" promptname="UC4RB_DB_DRIVER_JAR#" promptsetname="PCK.AUTOMIC_MSSQL.PRV.PROMPTSET.DROP_DB">EXT:/database/jdbc/driver_jar</UC4RB_DB_DRIVER_JARs.00>
<UC4RB_DB_DROP_DATABASE_NAMEs.00 ReadFromTable="JPPV" altview="1" haslist="0" msginsert="" msgnr="" promptname="UC4RB_DB_DROP_DATABASE_NAME#" promptsetname="PCK.AUTOMIC_MSSQL.PRV.PROMPTSET.DROP_DB">EXT:/mssql/name/database_name</UC4RB_DB_DROP_DATABASE_NAMEs.00>
<UC4RB_DB_FAIL_DB_NOT_EXISTSs.00 ReadFromTable="JPPV" altview="0" haslist="0" msginsert="" msgnr="" promptname="UC4RB_DB_FAIL_DB_NOT_EXISTS#" promptsetname="PCK.AUTOMIC_MSSQL.PRV.PROMPTSET.DROP_DB">NO</UC4RB_DB_FAIL_DB_NOT_EXISTSs.00>
<UC4RB_DB_JDBC_CONNs.00 ReadFromTable="JPPV" altview="1" haslist="0" msginsert="" msgnr="" promptname="UC4RB_DB_JDBC_CONN#" promptsetname="PCK.AUTOMIC_MSSQL.PRV.PROMPTSET.DROP_DB">EXT:/database/jdbc/connection_string</UC4RB_DB_JDBC_CONNs.00>
<UC4RB_DB_PASSWORDs.00 ReadFromTable="JPPV" altview="1" haslist="0" msginsert="" msgnr="" promptname="UC4RB_DB_PASSWORD#" promptsetname="PCK.AUTOMIC_MSSQL.PRV.PROMPTSET.DROP_DB">EXT:/database/security/password</UC4RB_DB_PASSWORDs.00>
<UC4RB_DB_USERNAMEs.00 ReadFromTable="JPPV" altview="1" haslist="0" msginsert="" msgnr="" promptname="UC4RB_DB_USERNAME#" promptsetname="PCK.AUTOMIC_MSSQL.PRV.PROMPTSET.DROP_DB">EXT:/database/security/username</UC4RB_DB_USERNAMEs.00>
</PRPTBOX>
</PROMPTSET>
</node>
<node content="1" id="PCK.ITPA_SHARED.PRV.PROMPTSET.OVERWRITE_AGENT" name="PCK.ITPA_SHARED.PRV.PROMPTSET.OVERWRITE_AGENT" parent="PRPTS" type="PROMPTSET">
<PROMPTSET name="PCK.ITPA_SHARED.PRV.PROMPTSET.OVERWRITE_AGENT">
<PRPTBOX promptset="PCK.ITPA_SHARED.PRV.PROMPTSET.OVERWRITE_AGENT">
<AGENTs.00 ReadFromTable="JPPV" altview="1" haslist="0" msginsert="" msgnr="" promptname="AGENT#" promptsetname="PCK.ITPA_SHARED.PRV.PROMPTSET.OVERWRITE_AGENT">&amp;AGENT#</AGENTs.00>
<LOGINs.00 ReadFromTable="JPPV" altview="1" haslist="0" msginsert="" msgnr="" promptname="LOGIN#" promptsetname="PCK.ITPA_SHARED.PRV.PROMPTSET.OVERWRITE_AGENT">&amp;LOGIN#</LOGINs.00>
</PRPTBOX>
</PROMPTSET>
</node>
</dyntree>
</dynvalues>
<CIT/>
<calendars CCTypeAll="0" CCTypeExt="0" CCTypeNone="0" CCTypeOne="1" CaleOn="0"/>
<postconditions>
<PostCon>
<conditions id="CONDITIONS"/>
</PostCon>
</postconditions>
</task>
<task Alias="" BranchType="0" Col="3" Lnr="3" OType="&lt;END&gt;" Object="END" ParentAlias="" ParentObject="" Row="1" Text2="">
<checkpoint RollbackFlag="0" RunPerPatch="0" RunPerTarget="0" TcpADays="0" TcpATime="00:00" TcpATimeTZ="" TcpExecute="" TcpOn="0" promptatgen="0" showprompt="0"/>
<after ActFlg="1" AtimOn="0" ErlstStDays="0" ErlstStTime="00:00" ErlstStTimeTZ="" HoldFlg="0"/>
<when ChkWhenExec="0" LtstEnd="0" LtstEndDays="0" LtstEndTime="00:00" LtstSt="0" LtstStDays="0" LtstStTime="00:00" LtstTimeTZ="" WCTypeAND="1" WCTypeOR="0" WElseA="1" WElseH="0" WElseS="0" WElseX="0" WhenExecute="" WtimOn="0"/>
<preconditions>
<PreCon>
<conditions id="CONDITIONS"/>
</PreCon>
</preconditions>
<predecessors>
<pre BranchType="0" Lnr="1" PreLnr="2" When="ANY_OK" type="container"/>
</predecessors>
<runtime MrtCancel="0" MrtDays="0" MrtErt="0" MrtExecute="0" MrtExecuteObj="" MrtFix="0" MrtMethodDate="0" MrtMethodErt="0" MrtMethodFix="0" MrtMethodNone="1" MrtOn="1" MrtTZ="" MrtTime="00:00" SrtErt="0" SrtFix="0" SrtMethodErt="0" SrtMethodFix="0" SrtMethodNone="1"/>
<result ChkRExec="0" RElseHalt="0" RElseIgn="0" RElseJPAbend="0" RExecFlag="0" RExecute="" RRepMTimes="0" RRepOn="0" RRepWait="0" RWhen=""/>
<dynvalues>
<dyntree/>
</dynvalues>
<CIT/>
<calendars CCTypeAll="0" CCTypeExt="0" CCTypeNone="0" CCTypeOne="1" CaleOn="0"/>
<postconditions>
<PostCon>
<conditions id="CONDITIONS"/>
</PostCon>
</postconditions>
</task>
<OPTIONS/>
</JobpStruct>
</JOBP>
<RUNTIME state="1">
<MaxRetCode>0</MaxRetCode>
<MrcExecute/>
<MrcElseE>0</MrcElseE>
<FcstStatus>0| |</FcstStatus>
<Ert>0</Ert>
<ErtMethodDef>1</ErtMethodDef>
<ErtMethodFix>0</ErtMethodFix>
<ErtFix>0</ErtFix>
<ErtDynMethod>2|Average</ErtDynMethod>
<ErtMethodDyn>0</ErtMethodDyn>
<ErtCnt>0</ErtCnt>
<ErtCorr>0</ErtCorr>
<ErtIgn>0</ErtIgn>
<ErtIgnFlg>0</ErtIgnFlg>
<ErtMinCnt>0</ErtMinCnt>
<MrtMethodNone>1</MrtMethodNone>
<MrtMethodFix>0</MrtMethodFix>
<MrtFix>0</MrtFix>
<MrtMethodErt>0</MrtMethodErt>
<MrtErt>0</MrtErt>
<MrtMethodDate>0</MrtMethodDate>
<MrtDays>0</MrtDays>
<MrtTime>00:00</MrtTime>
<MrtTZ/>
<SrtMethodNone>1</SrtMethodNone>
<SrtMethodFix>0</SrtMethodFix>
<SrtFix>0</SrtFix>
<SrtMethodErt>0</SrtMethodErt>
<SrtErt>0</SrtErt>
<MrtCancel>0</MrtCancel>
<MrtExecute>0</MrtExecute>
<MrtExecuteObj/>
</RUNTIME>
<DYNVALUES state="1">
<dyntree>
<node content="1" id="VALUE" name="Variables" parent="" type="VALUE">
<VALUE state="1">
<Values>
<row ERTUsage="0" Name="&amp;AGENT#" Value="EXT:agent"/>
<row ERTUsage="0" Name="&amp;LOGIN#" Value="EXT:@global/login"/>
<row ERTUsage="0" Name="&amp;OVERWRITE_AGENT#" Value="EXT:/agent_assignment/agent"/>
<row ERTUsage="0" Name="&amp;OVERWRITE_LOGIN#" Value="EXT:/agent_assignment/login"/>
<row ERTUsage="0" Name="&amp;TARGET_ID#" Value="EXT:@target/system/id"/>
</Values>
<Mode>0</Mode>
</VALUE>
</node>
</dyntree>
</DYNVALUES>
<DEPLOYMENT state="1">
<DeploymentFlag>1</DeploymentFlag>
<WFTypeA>0</WFTypeA>
<WFTypeC>1</WFTypeC>
<AppName>Template</AppName>
<WFName/>
<ComponentName>MSSQL</ComponentName>
</DEPLOYMENT>
<ROLLBACK state="1">
<RollbackFlag>0</RollbackFlag>
<CBackupObj/>
<CRollbackObj/>
<FBackupPath/>
<FDeleteBefore>0</FDeleteBefore>
<FInclSubDirs>0</FInclSubDirs>
</ROLLBACK>
<SCRIPT mode="1" state="1">
<MSCRI><![CDATA[:INCLUDE PCK.ITPA_SHARED.PRV.INCLUDE.SET_OS_FOR_COMPONENT_FLOW]]></MSCRI>
</SCRIPT>
<DOCU_Docu state="1" type="text">
<DOC><![CDATA[Template workflow to uninstall an application on a IIS]]></DOC>
</DOCU_Docu>
</JOBP>
</uc-export>